Sample_ID,Temperature,DO,pH,Turbidity,BOD,Conductivity,Ammonia,Nitrate,Hardness,COD,CO2,Alkalinity,Activity_Level,No_of_Disease_Occurrences,Disease_Risk,Status
1,28.69,5.89,7.51,3.3,2.46,685.7,0.055,12.54,151.3,10.91,5.99,122.7,0.799,0,0.114,Healthy
2,29.72,8.15,7.59,3.33,1.97,283.9,0.064,22.69,82.6,18.27,3.61,112.8,0.6,0,0.154,Healthy
3,28.22,5.82,7.27,2.86,4.58,509.6,0.047,23.14,108.4,28.75,4.99,87.7,0.972,0,0.106,Healthy
4,28.17,6.9,7.58,3.43,1.74,543.3,0.05,28.27,138.2,7.34,0.75,74.2,0.65,0,0.131,Healthy
5,31.95,6.44,7.22,1.32,3.11,485.9,0.037,18.49,82.2,5.0,5.63,66.6,0.52,0,0.133,Healthy
6,31.09,5.38,7.42,3.48,2.05,526.2,0.054,25.19,108.3,12.12,5.21,90.3,0.84,0,0.118,Healthy
7,29.14,7.76,7.37,2.94,4.59,544.2,0.05,26.86,114.6,25.11,6.51,67.1,0.39,0,0.159,Healthy
8,29.42,6.5,7.36,4.92,5.92,486.9,0.032,22.23,117.0,30.26,6.33,76.7,0.881,0,0.103,Healthy
9,30.15,7.22,7.3,3.57,3.64,385.0,0.05,37.15,57.1,14.85,5.92,91.9,0.447,0,0.165,Healthy
10,30.87,6.14,7.05,4.2,4.27,375.4,0.008,33.49,129.5,20.65,9.75,127.3,0.968,0,0.09,Healthy
11,30.51,5.81,7.46,1.86,4.56,524.1,0.043,13.35,80.2,22.85,6.93,120.9,0.722,0,0.1,Healthy
12,27.06,7.4,7.67,3.34,3.09,332.9,0.044,34.03,81.2,18.51,6.14,93.9,0.733,0,0.124,Healthy
13,29.41,6.55,7.9,2.3,6.27,389.2,0.037,25.26,69.9,16.87,9.3,110.5,0.764,0,0.128,Healthy
14,29.34,6.15,7.55,2.97,2.45,406.7,0.061,21.11,93.4,31.63,8.23,90.2,0.803,0,0.123,Healthy
15,31.03,6.57,7.29,3.53,3.5,492.3,0.041,34.45,142.9,20.77,5.29,83.3,0.852,0,0.114,Healthy
16,30.33,5.38,7.42,2.42,4.57,403.8,0.035,6.49,92.4,22.52,6.9,104.4,0.544,0,0.115,Healthy
17,26.0,7.67,7.92,2.78,3.52,391.7,0.039,18.07,109.0,22.16,7.4,87.0,0.742,0,0.137,Healthy
18,28.44,6.36,7.25,2.32,4.48,448.4,0.038,21.34,93.7,18.93,4.61,100.3,0.719,0,0.118,Healthy
19,31.5,6.3,7.88,2.32,2.68,421.3,0.023,26.92,138.1,19.6,7.28,91.4,0.773,0,0.107,Healthy
20,28.34,5.49,7.56,2.63,3.52,499.5,0.029,10.28,119.9,21.18,2.06,101.0,0.763,0,0.086,Healthy
21,28.19,6.86,7.61,1.05,5.77,496.9,0.042,29.63,127.2,11.45,4.07,107.8,0.791,0,0.092,Healthy
22,29.72,5.83,7.34,3.19,2.32,405.9,0.033,14.08,53.3,24.26,4.86,58.6,0.886,0,0.092,Healthy
23,33.87,6.1,8.02,2.46,4.41,436.0,0.058,25.94,112.6,12.04,7.1,113.8,0.913,0,0.152,Healthy
24,27.47,6.91,7.48,2.79,5.58,411.9,0.015,23.89,133.6,30.95,7.84,105.7,0.683,0,0.073,Healthy
25,28.13,7.81,7.46,2.73,4.85,443.9,0.021,14.99,118.2,14.72,5.88,69.5,0.791,0,0.072,Healthy
26,29.19,6.96,7.66,3.49,5.37,526.7,0.032,16.29,111.5,28.14,6.72,99.5,0.704,0,0.112,Healthy
27,29.45,5.13,7.1,4.75,4.58,430.8,0.041,8.25,136.9,29.18,3.3,63.5,0.929,0,0.134,Healthy
28,29.79,6.36,7.12,3.18,4.79,532.5,0.016,24.11,80.5,10.04,4.97,77.0,0.673,0,0.115,Healthy
29,29.0,5.84,7.78,2.07,6.06,300.5,0.056,21.19,60.1,24.42,6.14,102.2,0.755,0,0.138,Healthy
30,31.02,7.53,7.81,2.79,3.11,533.9,0.005,29.76,75.8,22.33,7.91,77.2,0.688,0,0.09,Healthy
31,27.93,6.17,7.49,4.3,3.43,481.1,0.057,33.14,55.6,32.7,5.36,98.5,0.693,0,0.134,Healthy
32,27.75,6.63,6.99,2.28,4.49,314.2,0.02,27.76,149.5,16.76,3.86,88.1,0.766,0,0.117,Healthy
33,25.44,6.54,7.43,4.3,4.77,436.9,0.025,37.71,77.5,16.71,6.97,89.4,0.534,0,0.117,Healthy
34,26.21,7.26,7.08,1.26,3.29,272.9,0.024,13.84,147.0,12.5,8.35,95.7,0.587,0,0.124,Healthy
35,27.71,7.09,7.86,4.11,2.45,580.3,0.018,22.75,134.9,21.49,1.6,139.7,0.736,0,0.115,Healthy
36,29.84,6.11,7.4,1.97,3.78,570.7,0.032,25.87,101.7,18.97,4.21,89.3,0.745,0,0.091,Healthy
37,27.1,8.04,7.69,3.39,5.16,481.5,0.03,21.45,103.9,22.05,8.15,122.8,0.679,0,0.113,Healthy
38,29.18,5.98,7.18,2.33,4.09,359.4,0.016,36.54,104.2,31.88,5.46,91.7,0.844,0,0.086,Healthy
39,27.4,6.36,7.72,3.24,3.53,451.3,0.023,27.74,113.3,22.21,6.8,73.3,0.762,0,0.098,Healthy
40,29.5,6.21,7.64,0.67,4.52,319.0,0.007,27.4,107.2,23.9,3.53,105.4,0.66,0,0.062,Healthy
41,25.46,6.2,7.58,2.77,2.81,499.0,0.038,20.6,134.0,18.09,3.54,71.3,0.876,0,0.089,Healthy
42,28.7,5.46,7.95,4.19,4.85,491.5,0.034,39.48,83.5,23.07,5.61,90.7,0.449,0,0.175,Healthy
43,26.69,6.92,7.91,4.4,4.91,510.1,0.062,25.21,93.3,11.04,3.61,96.0,0.719,0,0.179,Healthy
44,27.54,6.43,7.09,2.24,3.74,306.5,0.027,23.71,77.6,21.06,7.13,98.3,0.817,0,0.11,Healthy
45,27.04,6.82,7.4,2.93,3.02,369.8,0.042,47.17,73.2,20.35,9.32,94.1,0.619,0,0.123,Healthy
46,29.43,6.42,7.44,1.4,4.62,447.3,0.038,28.69,101.5,33.82,2.18,77.6,0.772,0,0.087,Healthy
47,29.57,6.52,7.28,3.87,4.39,418.9,0.005,38.56,114.2,11.75,4.73,83.1,0.474,0,0.111,Healthy
48,27.87,8.59,7.74,4.74,4.17,415.2,0.045,17.52,70.7,20.31,7.07,81.5,0.652,0,0.151,Healthy
49,29.5,5.87,7.09,4.49,3.83,478.5,0.034,31.14,146.5,20.42,4.73,151.0,0.755,0,0.142,Healthy
50,31.02,6.09,7.43,3.44,3.27,437.2,0.017,8.67,81.5,14.08,4.97,52.9,0.929,0,0.061,Healthy
51,29.1,4.89,7.26,3.99,4.23,383.6,0.029,17.94,92.2,21.01,7.33,109.5,0.86,0,0.105,Healthy
52,29.37,5.96,7.13,3.62,3.07,558.7,0.06,15.95,102.0,26.88,5.25,91.0,0.599,0,0.179,Healthy
53,28.98,8.63,7.79,2.47,3.23,333.4,0.016,28.92,71.7,35.36,5.32,108.6,0.711,0,0.097,Healthy
54,30.51,7.66,7.74,3.46,4.79,329.0,0.042,24.74,155.2,26.33,8.27,75.2,0.945,0,0.108,Healthy
55,30.99,7.01,6.87,2.92,3.66,571.2,0.019,29.16,101.5,29.24,5.46,108.2,0.978,0,0.111,Healthy
56,27.62,6.1,7.59,2.63,3.79,454.8,0.026,22.04,62.3,16.44,4.85,112.4,0.819,0,0.079,Healthy
57,26.68,6.91,7.2,3.5,3.2,524.3,0.036,21.29,101.6,5.0,6.03,83.1,0.673,0,0.134,Healthy
58,29.03,7.91,7.91,1.79,3.25,463.9,0.03,27.59,104.0,11.53,9.01,163.8,0.837,0,0.108,Healthy
59,30.14,5.72,7.56,2.39,2.83,436.3,0.065,28.26,114.3,14.48,7.27,101.4,0.511,0,0.155,Healthy
60,28.01,7.04,7.91,2.23,2.41,343.1,0.0,34.18,116.7,22.24,8.01,110.3,0.888,0,0.069,Healthy
61,30.29,7.26,7.44,3.4,5.12,520.7,0.031,26.35,93.8,27.35,4.64,83.9,0.821,0,0.088,Healthy
62,28.98,7.7,7.54,2.79,3.06,524.3,0.021,41.05,141.1,20.47,5.01,119.5,0.699,0,0.082,Healthy
63,29.08,5.89,7.35,5.49,1.74,488.2,0.061,33.06,70.0,8.83,4.72,117.2,0.705,0,0.162,Healthy
64,30.01,6.88,7.6,3.26,3.38,386.9,0.031,12.67,112.7,19.88,6.26,104.1,0.692,0,0.104,Healthy
65,30.28,7.87,7.61,3.44,4.96,552.2,0.016,33.93,141.8,21.67,6.18,98.7,0.431,0,0.113,Healthy
66,27.57,5.58,7.79,1.98,5.27,501.5,0.03,34.49,116.3,16.42,5.74,109.8,0.941,0,0.088,Healthy
67,28.96,6.5,7.41,4.67,2.99,433.7,0.027,29.39,126.3,19.06,6.36,127.1,0.878,0,0.09,Healthy
68,25.54,5.62,7.86,3.28,4.39,489.2,0.023,18.94,83.3,20.96,5.28,105.8,0.788,0,0.111,Healthy
69,28.02,6.26,8.01,4.65,5.1,439.8,0.01,9.72,93.4,26.3,7.1,99.0,0.693,0,0.129,Healthy
70,27.17,6.9,7.06,4.04,5.13,442.2,0.049,26.42,110.1,31.95,2.95,127.1,0.73,0,0.162,Healthy
71,27.0,6.5,7.4,4.4,5.07,391.1,0.034,23.62,92.9,10.75,7.5,121.3,0.614,0,0.123,Healthy
72,30.61,5.96,7.45,3.31,2.93,523.7,0.029,3.87,59.2,14.91,3.4,125.2,0.861,0,0.08,Healthy
73,30.09,6.74,7.19,3.86,3.27,367.1,0.033,30.11,126.7,5.0,4.78,97.1,0.829,0,0.118,Healthy
74,30.04,7.67,7.48,23.1,2.2,407.3,0.054,30.76,125.7,20.76,1.2,78.5,0.703,0,0.272,Healthy
75,30.5,6.26,7.56,15.95,4.16,424.1,0.035,33.17,115.4,21.74,3.57,95.1,0.683,0,0.201,Healthy
76,28.25,5.7,7.36,16.63,2.87,428.7,0.026,26.8,49.0,20.02,7.4,129.5,0.638,0,0.208,Healthy
77,28.07,6.65,7.7,24.21,4.49,455.7,0.042,22.98,64.6,23.89,3.36,85.2,0.693,0,0.285,Healthy
78,27.62,5.15,7.31,33.66,3.31,455.5,0.024,15.29,93.1,21.76,4.12,90.8,0.537,0,0.348,Healthy
79,27.91,6.13,7.17,23.88,5.02,524.5,0.02,17.97,93.1,10.28,3.83,91.6,0.641,0,0.273,Healthy
80,29.33,6.93,7.42,11.87,5.57,441.7,0.042,14.97,89.7,23.24,3.95,111.8,0.566,0,0.193,Healthy
81,29.08,5.55,7.51,41.71,4.07,440.9,0.047,32.92,67.5,18.0,6.6,76.7,0.661,0,0.406,Healthy
82,27.26,6.17,7.78,20.9,2.8,395.6,0.038,31.12,95.4,16.49,5.62,98.5,0.839,0,0.248,Healthy
83,30.23,7.44,7.41,3.54,4.85,418.5,0.0,29.56,133.3,10.37,1.7,102.2,0.751,0,0.061,Healthy
84,29.65,6.25,7.5,1.71,4.59,422.7,0.044,27.73,101.6,14.7,9.11,103.3,0.947,0,0.073,Healthy
85,30.52,7.76,7.57,2.76,2.98,398.9,0.036,28.84,77.7,14.85,6.81,100.3,0.53,0,0.119,Healthy
86,31.74,6.8,7.35,2.15,3.83,414.6,0.028,44.45,75.4,37.07,7.8,116.3,0.682,0,0.097,Healthy
87,27.5,5.25,7.64,2.87,4.45,507.8,0.035,26.11,91.8,19.53,6.85,85.4,0.787,0,0.101,Healthy
88,30.28,5.78,7.45,4.16,3.8,514.9,0.046,25.07,96.5,16.49,6.12,117.4,0.588,0,0.135,Healthy
89,28.8,7.02,7.55,3.12,4.76,390.0,0.028,27.12,81.6,34.01,2.07,103.0,0.844,0,0.079,Healthy
90,30.37,7.2,7.37,4.12,5.85,622.6,0.032,31.31,39.3,12.39,9.14,109.7,1.0,0,0.083,Healthy
91,29.28,6.71,8.24,3.41,4.49,521.0,0.037,24.27,98.4,13.07,4.25,103.2,1.0,0,0.146,Healthy
92,32.25,7.26,6.84,2.62,4.1,424.2,0.026,32.43,98.9,14.12,7.16,78.6,0.952,0,0.123,Healthy
93,28.83,6.62,7.41,3.48,4.99,310.3,0.023,25.27,116.0,27.48,7.49,123.8,0.764,0,0.088,Healthy
94,32.01,5.08,7.38,3.06,4.72,452.0,0.03,34.53,80.5,24.15,8.35,78.9,0.596,0,0.113,Healthy
95,29.04,6.97,7.54,3.28,4.6,454.1,0.033,22.31,118.9,20.98,4.86,115.5,0.93,0,0.077,Healthy
96,30.19,6.57,7.92,2.36,2.58,463.5,0.038,31.2,64.3,21.91,4.39,126.2,0.605,0,0.146,Healthy
97,29.18,7.02,7.71,2.57,6.51,444.3,0.021,15.22,102.6,20.59,7.2,123.2,0.545,0,0.112,Healthy
98,27.88,6.44,7.33,0.1,3.66,478.4,0.014,16.58,68.8,21.76,8.73,109.5,0.788,0,0.056,Healthy
99,29.88,7.14,7.62,5.1,3.55,591.0,0.023,28.81,61.0,21.58,5.41,99.9,0.787,0,0.1,Healthy
100,29.23,6.61,7.74,3.1,4.32,584.7,0.054,37.08,68.6,20.87,5.83,111.5,0.875,0,0.127,Healthy
101,26.65,6.1,7.63,4.8,2.73,449.5,0.009,25.81,125.4,6.59,7.55,121.9,0.687,0,0.091,Healthy
102,28.16,6.4,7.47,1.32,5.68,426.1,0.073,15.23,80.6,18.28,8.13,103.6,0.803,0,0.124,Healthy
103,28.95,6.83,7.51,4.33,5.89,397.9,0.057,23.37,58.8,11.3,10.95,122.3,0.763,0,0.128,Healthy
104,27.61,6.98,7.44,1.65,4.89,532.8,0.061,23.73,90.8,18.56,4.05,88.2,0.666,0,0.128,Healthy
105,28.28,8.21,7.53,4.47,2.83,434.6,0.036,21.74,92.4,6.62,6.82,61.8,0.592,0,0.122,Healthy
106,28.95,7.25,7.58,4.79,4.11,466.1,0.023,28.8,62.9,26.92,5.46,67.9,0.599,0,0.112,Healthy
107,30.64,5.75,7.45,2.4,3.13,409.8,0.047,29.61,112.1,28.63,4.91,83.3,0.71,0,0.111,Healthy
108,30.47,6.4,7.69,1.87,3.96,422.2,0.027,23.35,91.6,18.69,8.58,80.7,0.681,0,0.099,Healthy
109,28.12,6.66,7.39,2.54,3.41,426.6,0.039,7.46,102.0,18.6,4.43,85.2,0.591,0,0.121,Healthy
110,31.37,6.64,7.76,1.04,4.63,440.1,0.029,25.51,43.4,9.22,6.06,107.7,0.747,0,0.095,Healthy
111,28.21,6.24,7.89,2.79,4.81,429.1,0.045,10.2,139.0,19.76,2.62,94.1,0.754,0,0.141,Healthy
112,29.69,5.22,7.82,4.97,3.44,383.6,0.015,29.42,96.3,9.31,8.3,73.6,0.679,0,0.12,Healthy
113,30.39,5.47,7.57,2.61,4.02,460.7,0.035,39.4,81.2,23.14,5.93,125.2,0.969,0,0.073,Healthy
114,26.65,7.7,7.28,3.27,3.41,373.3,0.016,25.3,76.0,14.47,5.84,77.4,0.754,0,0.092,Healthy
115,27.47,7.02,7.63,5.13,2.64,535.7,0.035,20.4,155.4,11.46,3.28,107.7,0.456,0,0.149,Healthy
116,28.4,6.24,7.5,0.33,4.81,432.8,0.026,12.77,134.1,7.5,5.44,86.1,0.737,0,0.061,Healthy
117,29.33,7.26,7.09,4.67,4.49,388.8,0.076,12.52,79.4,18.67,6.52,119.3,0.735,0,0.198,Healthy
118,28.71,6.71,7.85,5.13,4.4,409.8,0.052,27.69,80.1,35.24,10.08,92.5,0.683,0,0.17,Healthy
119,30.0,6.63,7.94,1.81,4.77,527.2,0.014,0.0,122.5,26.98,2.77,124.6,0.573,0,0.117,Healthy
120,26.53,6.04,7.66,0.73,6.0,532.5,0.03,15.07,104.6,21.52,4.86,82.0,1.0,0,0.058,Healthy
121,25.62,6.78,7.39,3.26,4.52,325.1,0.043,19.79,69.9,24.54,4.25,111.4,0.709,0,0.118,Healthy
122,27.25,7.39,7.7,2.71,3.24,401.1,0.028,25.61,122.7,26.92,8.97,48.4,0.85,0,0.09,Healthy
123,29.53,7.45,7.73,1.89,5.17,311.8,0.042,16.03,119.0,22.17,4.26,119.1,0.838,0,0.107,Healthy
124,30.05,7.35,6.94,2.98,2.79,490.0,0.007,40.53,138.4,17.08,8.29,98.7,0.724,0,0.115,Healthy
125,28.59,6.91,7.06,2.01,3.6,424.7,0.0,15.12,84.7,22.25,5.59,114.7,0.588,0,0.101,Healthy
126,28.79,5.75,7.28,2.47,3.67,439.3,0.031,22.04,101.2,27.02,9.96,73.8,0.833,0,0.096,Healthy
127,29.16,6.06,7.67,3.35,4.6,488.2,0.018,22.07,107.8,19.43,9.73,84.0,0.663,0,0.098,Healthy
128,28.09,5.07,7.51,27.53,7.89,522.8,0.138,27.78,148.5,28.06,8.58,78.3,0.471,0,0.433,Healthy
129,28.37,5.86,7.52,24.37,13.91,337.9,0.315,31.3,72.8,51.94,3.62,123.4,0.52,4,0.627,Unhealthy
130,28.97,4.21,7.49,26.56,14.87,407.2,0.13,24.12,108.6,34.4,6.73,94.8,0.273,0,0.435,Healthy
131,27.16,3.86,7.73,9.24,11.61,406.7,0.118,21.94,149.4,44.85,8.32,74.8,0.16,0,0.324,Healthy
132,26.3,4.24,7.62,16.76,15.76,382.1,0.15,14.14,83.6,31.66,3.78,82.8,0.4,0,0.386,Healthy
133,31.45,1.5,7.28,23.42,9.97,508.6,0.835,19.46,115.0,17.86,5.62,108.8,0.258,1,1.0,Unhealthy
134,30.48,3.19,7.62,29.08,15.03,405.3,0.41,47.11,138.0,26.76,4.5,80.8,0.213,1,0.821,Unhealthy
135,29.69,5.47,7.46,23.14,6.94,430.8,0.727,22.33,50.4,45.42,5.13,59.0,0.329,1,1.0,Unhealthy
136,29.83,4.12,7.85,28.33,6.12,534.7,0.671,12.6,71.6,12.97,6.34,100.5,0.286,3,1.0,Unhealthy
137,30.96,2.61,7.88,15.71,13.54,423.7,0.774,26.4,77.8,44.47,5.3,88.4,0.471,4,1.0,Unhealthy
138,28.34,6.81,7.21,2.65,2.77,510.1,0.054,26.35,124.0,22.46,5.79,86.6,0.781,0,0.139,Healthy
139,28.55,5.13,7.61,2.0,4.42,518.5,0.006,40.4,102.8,24.84,6.98,105.9,0.942,0,0.039,Healthy
140,29.75,5.69,7.85,2.67,5.41,532.3,0.043,25.97,91.8,12.86,7.58,99.8,0.711,0,0.138,Healthy
141,27.76,6.54,7.37,3.99,4.92,436.9,0.028,38.11,67.9,13.59,5.34,84.9,0.632,0,0.115,Healthy
142,30.98,6.9,7.7,4.35,3.82,555.7,0.025,27.27,141.7,28.64,9.43,74.9,0.695,0,0.115,Healthy
143,29.76,6.07,7.56,3.59,4.59,377.5,0.012,18.43,111.1,26.95,3.66,83.6,0.628,0,0.085,Healthy
144,28.02,6.09,7.69,3.91,5.02,464.1,0.051,34.23,102.2,24.35,3.78,71.9,0.669,0,0.145,Healthy
145,29.28,7.08,7.82,2.47,4.87,242.1,0.021,25.82,88.2,19.87,1.47,125.5,0.699,0,0.106,Healthy
146,28.41,6.85,7.83,4.54,4.37,460.3,0.034,42.33,93.6,13.82,9.5,129.4,0.666,0,0.142,Healthy
147,28.59,2.92,7.43,13.42,8.71,398.0,0.281,31.7,92.1,26.94,1.08,104.1,0.123,1,0.546,Unhealthy
148,28.97,5.26,7.49,16.85,13.55,483.1,0.799,35.73,54.8,24.87,5.62,109.1,0.246,4,1.0,Unhealthy
149,30.02,4.43,7.38,9.86,12.07,482.4,0.782,26.99,132.0,36.96,5.94,99.4,0.381,2,1.0,Unhealthy
150,29.95,3.73,7.24,28.86,16.54,483.3,0.685,15.64,143.0,49.69,8.4,86.5,0.588,1,1.0,Unhealthy
151,27.86,6.06,7.61,1.83,3.83,481.1,0.032,14.62,157.1,21.07,5.04,120.8,0.747,0,0.089,Healthy
152,30.08,6.0,7.58,2.81,3.56,394.6,0.033,14.8,92.0,24.56,5.59,105.2,0.678,0,0.102,Healthy
153,28.54,7.33,7.22,2.16,3.37,484.4,0.047,21.01,91.1,18.53,4.22,103.3,1.0,0,0.103,Healthy
154,26.48,5.77,7.81,1.91,3.02,414.6,0.031,38.42,92.2,6.52,1.05,113.5,0.873,0,0.097,Healthy
155,29.64,6.92,7.03,3.36,3.84,419.7,0.02,19.09,108.2,16.3,2.89,41.2,0.85,0,0.112,Healthy
156,26.65,6.49,7.08,4.3,5.53,521.8,0.025,16.24,105.8,13.32,9.51,84.1,0.781,0,0.127,Healthy
157,28.45,5.6,7.5,3.5,4.91,353.9,0.035,36.55,111.9,5.0,5.5,103.9,0.997,0,0.071,Healthy
158,30.57,6.96,7.78,4.28,3.59,532.1,0.03,20.33,60.4,22.4,6.7,110.5,0.673,0,0.13,Healthy
159,30.83,5.81,7.75,2.31,3.6,519.5,0.026,26.43,95.6,28.86,7.58,110.9,0.758,0,0.1,Healthy
160,28.63,5.42,8.07,2.68,3.88,394.3,0.0,28.85,66.6,19.12,1.72,120.0,0.693,0,0.108,Healthy
161,28.38,6.45,7.54,5.12,3.44,474.5,0.063,26.07,81.2,26.03,7.24,95.7,0.708,0,0.15,Healthy
162,28.82,6.41,7.63,2.2,3.72,608.1,0.004,28.15,84.6,12.8,6.69,83.0,0.577,0,0.076,Healthy
163,26.23,7.82,7.45,2.82,5.76,594.5,0.014,18.34,98.8,10.6,2.35,82.1,0.731,0,0.071,Healthy
164,32.1,5.42,6.56,2.98,5.01,463.9,0.016,29.33,122.4,15.23,4.43,80.2,0.777,0,0.158,Healthy
165,27.83,6.06,7.12,2.64,4.68,290.7,0.003,41.57,123.5,16.66,8.19,111.8,0.68,0,0.094,Healthy
166,31.16,7.29,7.41,3.36,4.78,500.1,0.0,14.48,77.7,23.61,4.91,80.8,0.912,0,0.043,Healthy
167,28.83,8.26,7.33,2.27,5.4,341.5,0.016,15.04,110.2,10.37,8.24,90.1,0.682,0,0.087,Healthy
168,30.84,6.84,7.83,2.54,4.15,550.2,0.038,34.01,61.2,28.67,7.69,77.4,0.751,0,0.124,Healthy
169,31.88,6.73,7.33,3.27,6.12,379.2,0.042,24.71,73.8,24.21,4.81,125.2,0.62,0,0.133,Healthy
170,30.12,6.99,7.77,3.29,4.85,542.2,0.052,30.29,121.8,12.66,4.97,106.2,0.762,0,0.141,Healthy
171,32.34,6.09,7.41,2.96,3.4,491.7,0.016,21.04,72.0,28.32,8.06,47.0,0.871,0,0.065,Healthy
172,27.98,5.92,7.8,5.66,3.89,442.9,0.001,28.12,92.8,10.15,9.34,89.0,0.576,0,0.115,Healthy
173,30.09,7.85,7.95,1.88,3.18,373.5,0.028,19.5,96.2,9.67,5.7,74.9,0.561,0,0.137,Healthy
174,27.7,6.26,7.82,4.03,4.15,366.8,0.028,25.31,86.2,22.54,4.0,130.4,0.719,0,0.126,Healthy
175,27.18,7.76,7.7,4.03,3.29,448.9,0.019,5.05,137.9,9.63,8.62,127.1,0.648,0,0.11,Healthy
176,28.29,6.87,7.42,1.66,4.78,358.2,0.011,15.07,119.8,16.62,6.8,115.4,0.825,0,0.052,Healthy
177,27.62,5.96,7.11,2.18,2.96,541.0,0.0,18.85,134.2,11.89,3.7,121.7,0.774,0,0.078,Healthy
178,27.74,5.59,7.86,1.85,4.84,420.9,0.032,17.85,76.7,27.99,3.82,91.6,0.652,0,0.124,Healthy
179,29.65,5.52,7.71,1.56,6.34,472.3,0.027,33.53,118.5,16.83,0.94,115.8,0.887,0,0.078,Healthy
180,28.16,5.57,7.13,1.06,4.92,375.5,0.012,20.46,63.7,20.73,3.27,96.7,0.762,0,0.083,Healthy
181,28.15,6.24,7.71,1.65,4.14,423.0,0.011,24.98,93.1,15.72,1.09,139.5,0.683,0,0.079,Healthy
182,28.44,7.37,7.42,1.5,4.55,424.3,0.059,36.36,89.4,22.97,8.86,119.6,0.862,0,0.107,Healthy
183,27.61,5.78,7.72,1.93,2.89,516.6,0.044,21.74,123.5,20.81,7.57,120.9,0.617,0,0.131,Healthy
184,31.63,6.13,7.58,2.9,4.53,431.3,0.034,26.16,99.2,9.58,7.55,95.7,0.743,0,0.098,Healthy
185,30.81,6.09,7.14,3.33,3.8,517.0,0.043,22.32,84.2,26.21,3.89,104.9,0.617,0,0.153,Healthy
186,30.91,7.79,7.62,4.42,4.55,382.1,0.04,27.51,105.9,24.39,4.67,57.3,0.53,0,0.142,Healthy
187,27.54,5.85,7.64,0.1,4.37,461.4,0.036,22.15,126.5,15.88,4.93,118.4,0.945,0,0.065,Healthy
188,28.05,6.7,7.66,4.64,4.76,365.7,0.038,20.83,116.6,13.54,3.86,102.2,0.891,0,0.109,Healthy
189,28.41,5.45,7.06,1.71,3.98,516.7,0.042,29.28,71.5,11.37,6.67,122.7,0.767,0,0.133,Healthy
190,28.57,6.81,7.71,2.89,2.4,332.5,0.0,20.0,68.9,22.53,9.4,108.7,0.603,0,0.082,Healthy
191,27.9,7.77,7.37,0.88,2.61,547.2,0.021,19.94,108.4,24.77,6.19,92.3,0.704,0,0.075,Healthy
192,27.91,7.2,7.46,2.73,4.33,425.9,0.016,23.77,82.5,23.83,6.02,90.1,0.796,0,0.065,Healthy
193,30.26,6.77,7.79,3.69,2.38,428.1,0.031,30.12,50.0,23.12,7.14,74.4,0.751,0,0.12,Healthy
194,29.4,7.02,7.33,1.4,3.77,408.9,0.001,27.93,138.7,15.95,6.0,62.1,0.61,0,0.068,Healthy
195,30.08,6.35,7.86,2.6,4.87,446.0,0.012,19.07,139.8,12.22,9.49,56.6,0.602,0,0.111,Healthy
196,30.37,6.9,8.09,2.26,2.99,402.1,0.034,21.83,123.3,25.44,5.96,97.4,0.695,0,0.149,Healthy
197,27.47,7.6,7.26,2.45,2.53,409.1,0.021,41.21,119.7,21.74,6.45,117.0,0.763,0,0.092,Healthy
198,26.88,7.22,7.43,2.28,4.54,613.7,0.062,36.52,109.1,28.29,5.36,109.0,0.645,0,0.137,Healthy
199,30.94,7.02,7.35,2.53,3.03,364.2,0.405,42.83,109.0,22.96,8.06,91.5,0.812,4,0.56,Unhealthy
200,29.38,6.05,7.43,1.89,3.61,455.5,0.177,20.12,93.8,24.23,2.61,78.2,0.493,0,0.292,Healthy
201,30.69,6.04,7.55,3.37,3.47,381.1,0.732,35.13,115.9,19.26,4.12,133.0,0.544,4,0.991,Unhealthy
202,28.15,5.9,7.71,1.94,4.23,426.5,0.2,21.94,59.5,25.02,5.23,93.8,0.513,0,0.334,Healthy
203,29.46,7.36,7.43,2.7,3.62,438.7,0.408,10.9,78.3,13.51,2.38,119.4,0.701,4,0.566,Unhealthy
204,28.13,6.0,7.79,4.71,4.25,441.1,0.127,29.77,98.9,20.26,7.48,119.5,0.305,0,0.293,Healthy
205,27.25,8.0,7.47,3.15,1.39,330.1,0.012,34.61,43.9,25.06,7.83,44.3,0.842,0,0.057,Healthy
206,27.76,7.51,7.48,2.6,2.99,497.6,0.036,26.23,136.7,10.91,5.08,94.5,0.701,0,0.096,Healthy
207,25.03,6.75,7.53,5.22,3.87,415.6,0.024,19.98,113.4,12.13,7.41,84.4,0.61,0,0.111,Healthy
208,28.77,6.59,7.77,3.88,4.31,368.3,0.068,12.81,85.3,25.78,6.15,93.3,0.578,0,0.183,Healthy
209,27.87,6.7,7.61,5.91,5.18,613.1,0.035,33.05,120.0,11.1,7.4,65.2,0.777,0,0.121,Healthy
210,28.8,5.38,7.51,2.9,5.06,437.5,0.034,28.69,129.2,10.97,8.83,134.3,0.773,0,0.088,Healthy
211,31.19,5.96,7.41,3.31,5.23,439.0,0.056,19.34,107.2,10.03,4.6,104.2,0.886,0,0.115,Healthy
212,29.91,6.05,7.51,2.9,2.92,325.0,0.059,20.5,93.8,30.71,5.4,108.5,0.57,0,0.14,Healthy
213,28.26,6.19,7.59,3.71,2.42,501.2,0.025,28.19,78.5,21.24,6.06,116.4,0.787,0,0.088,Healthy
214,30.86,5.74,7.89,1.54,5.62,385.2,0.0,30.76,59.7,13.59,2.11,89.5,0.851,0,0.066,Healthy
215,28.8,5.65,7.49,3.33,4.73,456.9,0.051,17.05,136.9,19.43,10.07,118.2,0.834,0,0.106,Healthy
216,31.15,5.43,7.29,0.1,1.12,565.8,0.032,25.97,119.9,25.71,5.72,93.2,0.584,0,0.102,Healthy
217,27.73,5.71,7.46,4.88,4.53,303.6,0.038,34.77,83.1,13.64,4.56,114.5,0.723,0,0.116,Healthy
218,29.9,6.2,7.46,3.32,1.87,470.3,0.055,26.25,88.7,10.94,10.44,109.4,0.645,0,0.134,Healthy
219,30.9,7.11,7.58,1.88,3.27,523.9,0.011,30.8,80.4,23.47,2.68,113.4,0.569,0,0.08,Healthy
220,28.62,6.55,7.36,4.06,2.81,375.3,0.0,17.28,105.4,21.46,7.75,118.1,0.878,0,0.056,Healthy
221,28.33,6.99,7.34,1.13,3.05,504.1,0.0,22.78,127.2,20.42,7.08,94.2,0.81,0,0.044,Healthy
222,29.7,6.11,6.92,0.3,3.51,460.7,0.0,36.59,109.1,23.55,6.09,104.8,0.602,0,0.1,Healthy
223,27.56,6.28,7.9,1.74,4.33,398.3,0.055,31.73,96.8,5.0,8.87,96.8,0.827,0,0.139,Healthy
224,26.26,6.83,7.3,3.08,3.73,395.5,0.061,1.79,120.4,13.58,6.56,112.4,0.768,0,0.142,Healthy
225,29.94,7.32,7.64,1.67,5.21,500.5,0.024,16.18,124.6,15.11,4.36,89.7,0.932,0,0.063,Healthy
226,30.53,6.7,7.65,6.02,5.44,474.9,0.037,22.53,81.4,20.62,2.86,80.0,0.881,0,0.117,Healthy
227,30.66,6.57,7.2,2.64,3.29,425.6,0.044,26.37,90.2,26.23,3.34,104.2,0.866,0,0.118,Healthy
228,29.14,6.56,7.51,3.73,3.79,414.1,0.026,28.17,85.0,20.71,2.35,102.8,0.89,0,0.072,Healthy
229,28.47,6.04,7.63,3.51,3.46,326.5,0.016,25.08,111.2,22.99,4.76,145.0,0.719,0,0.087,Healthy
230,29.33,7.48,7.89,2.75,4.78,452.6,0.03,26.85,98.8,5.23,8.46,100.4,0.655,0,0.131,Healthy
231,27.66,5.73,7.72,4.81,4.69,374.7,0.024,30.97,84.3,17.2,4.33,83.1,0.664,0,0.122,Healthy
232,26.39,7.72,6.99,5.44,1.86,494.1,0.01,17.04,86.6,11.99,4.33,91.5,0.498,0,0.155,Healthy
233,27.42,7.16,7.3,3.31,2.34,462.8,0.047,18.43,85.3,5.0,3.36,59.8,0.728,0,0.131,Healthy
234,31.15,7.23,7.39,3.75,4.77,547.5,0.041,39.18,62.9,16.82,8.39,133.8,0.619,0,0.128,Healthy
235,28.14,6.4,8.05,4.84,4.36,293.1,0.027,28.69,110.5,17.05,2.3,63.5,0.529,0,0.172,Healthy
236,25.37,7.01,7.23,2.82,4.42,537.2,0.054,21.2,90.3,16.63,3.84,138.0,0.86,0,0.13,Healthy
237,27.41,5.28,8.05,2.89,3.84,435.2,0.022,23.99,97.8,7.04,9.6,112.8,0.608,0,0.144,Healthy
238,29.36,5.47,7.61,2.25,4.92,464.6,0.01,23.89,109.6,33.33,6.62,147.5,0.797,0,0.061,Healthy
239,29.0,6.08,7.48,35.24,4.77,347.8,0.0,28.9,75.5,25.09,4.74,82.9,0.514,0,0.315,Healthy
240,29.1,5.59,7.36,14.17,4.94,416.9,0.0,27.5,102.8,32.24,1.94,91.9,0.602,0,0.16,Healthy
241,26.95,6.1,7.93,33.47,4.49,491.0,0.024,34.93,126.0,10.81,6.11,115.9,0.614,0,0.363,Healthy
242,28.95,5.92,7.41,31.28,4.88,257.6,0.019,14.49,115.4,33.43,7.8,98.7,0.767,0,0.29,Healthy
243,30.41,6.03,8.56,26.62,3.61,314.4,0.01,18.25,94.7,16.82,4.4,110.3,0.519,0,0.366,Healthy
244,28.04,6.76,6.72,36.91,3.65,360.0,0.033,26.05,98.8,18.7,11.29,64.4,0.508,0,0.445,Healthy
245,30.56,5.84,7.48,10.56,4.2,431.6,0.0,23.7,100.2,23.76,4.74,95.4,0.474,0,0.134,Healthy
246,27.38,6.07,8.23,20.75,2.23,417.8,0.047,18.14,133.8,13.23,4.43,75.1,0.67,0,0.32,Healthy
247,29.64,6.05,7.81,12.73,4.25,413.1,0.021,38.74,80.6,24.85,4.81,123.4,0.557,0,0.196,Healthy
248,28.65,7.23,7.59,32.16,5.46,443.8,0.005,23.47,99.4,14.5,7.04,82.1,0.732,0,0.283,Healthy
249,29.96,6.44,6.62,31.09,5.63,435.9,0.02,22.94,94.2,26.67,7.08,100.1,0.386,0,0.408,Healthy
250,28.5,6.28,7.23,32.93,4.09,514.2,0.0,29.49,76.7,25.05,6.15,97.1,0.373,0,0.337,Healthy
251,31.09,6.4,7.91,3.82,4.4,518.7,0.057,42.17,147.3,9.43,5.56,89.9,0.662,0,0.174,Healthy
252,27.38,5.38,6.08,4.63,5.41,469.6,0.034,23.48,142.9,15.22,8.48,85.3,0.313,0,0.288,Healthy
253,28.71,6.3,7.34,1.34,3.8,409.9,0.021,26.92,107.8,30.1,5.08,82.9,0.459,0,0.106,Healthy
254,27.69,7.16,8.53,2.78,2.76,413.6,0.055,19.7,103.8,28.69,6.93,88.5,0.495,0,0.243,Healthy
255,29.63,6.69,7.98,2.21,2.71,395.6,0.021,16.3,134.7,18.8,6.94,100.2,0.75,0,0.116,Healthy
256,27.18,5.77,7.94,3.57,4.99,380.8,0.048,18.78,81.2,22.23,8.45,76.0,0.867,0,0.144,Healthy
257,28.61,4.72,7.43,2.81,4.62,487.6,0.037,30.4,121.2,13.02,4.55,121.3,0.834,0,0.091,Healthy
258,28.13,5.97,7.82,1.17,4.43,459.3,0.041,16.48,92.6,5.0,2.72,112.3,0.482,0,0.144,Healthy
259,27.11,6.24,7.44,3.53,5.78,475.3,0.003,16.99,106.9,17.35,5.27,112.2,0.863,0,0.05,Healthy
260,29.7,6.9,7.61,4.41,4.15,544.4,0.033,36.58,90.6,12.89,8.75,117.2,1.0,0,0.085,Healthy
261,27.39,6.8,7.32,5.78,2.13,398.0,0.009,41.31,94.8,16.18,6.73,93.9,0.767,0,0.097,Healthy
262,30.21,5.65,7.6,4.43,3.77,529.1,0.052,32.26,81.8,27.31,4.5,118.7,0.88,0,0.119,Healthy
263,28.76,6.7,7.91,4.41,3.4,483.8,0.029,17.02,122.8,16.13,6.85,108.4,0.863,0,0.124,Healthy
264,32.02,8.19,7.72,4.01,2.95,446.4,0.031,32.3,58.0,28.35,6.91,125.6,0.642,0,0.127,Healthy
265,27.67,5.99,7.2,2.65,4.3,502.3,0.031,21.97,73.6,17.17,3.93,86.5,0.698,0,0.119,Healthy
266,27.53,7.6,7.45,4.85,4.43,497.8,0.018,16.38,105.7,10.92,6.43,76.3,0.812,0,0.083,Healthy
267,28.6,5.72,7.36,1.76,3.08,399.0,0.01,20.33,120.3,15.05,8.56,73.6,0.832,0,0.056,Healthy
268,29.73,7.02,7.19,4.32,2.58,411.7,0.0,27.21,53.9,5.0,4.86,105.8,0.649,0,0.099,Healthy
269,28.4,5.56,7.18,2.9,4.32,457.1,0.01,16.04,142.6,29.84,2.36,103.7,0.742,0,0.092,Healthy
270,29.67,6.5,7.97,4.68,3.77,459.8,0.017,34.54,55.3,5.0,5.14,141.6,0.793,0,0.124,Healthy
271,29.6,5.9,7.78,3.26,4.09,456.8,0.03,29.05,72.1,28.29,5.49,61.3,0.734,0,0.117,Healthy
272,28.77,7.78,7.06,2.69,4.09,426.9,0.058,18.09,106.6,14.8,7.14,97.2,0.9,0,0.146,Healthy
273,25.16,5.77,7.26,2.41,3.46,501.0,0.029,8.62,75.9,23.2,4.88,97.8,0.632,0,0.115,Healthy
274,29.24,8.42,7.73,1.07,2.87,473.0,0.0,23.24,54.5,10.25,3.49,96.0,0.704,0,0.06,Healthy
275,29.11,6.03,7.37,2.7,4.2,627.2,0.021,19.27,80.6,13.9,8.55,79.2,0.64,0,0.095,Healthy
276,28.55,6.59,7.24,2.82,3.87,480.6,0.052,24.26,147.7,5.0,7.59,132.4,0.717,0,0.14,Healthy
277,27.06,6.39,7.4,3.2,3.68,383.3,0.022,22.71,76.0,29.88,3.82,55.0,0.738,0,0.088,Healthy
278,27.67,5.57,7.23,2.14,4.15,505.5,0.013,30.04,42.6,6.72,1.5,111.6,0.908,0,0.068,Healthy
279,28.72,7.0,7.35,2.01,3.91,458.8,0.026,30.71,92.3,19.62,4.41,94.0,0.804,0,0.082,Healthy
280,28.26,7.6,7.56,3.57,4.99,378.3,0.08,33.52,73.6,13.69,7.17,88.2,0.75,0,0.157,Healthy
281,28.83,5.71,7.74,2.31,6.49,529.9,0.062,28.89,82.8,37.56,2.32,118.7,0.972,0,0.121,Healthy
282,28.47,7.24,7.68,3.45,3.38,457.9,0.014,24.37,77.3,25.44,6.93,117.5,0.805,0,0.08,Healthy
283,29.07,5.85,7.16,3.73,4.52,464.5,0.011,32.65,97.4,29.57,5.81,98.6,0.752,0,0.1,Healthy
284,27.65,5.04,7.79,3.58,4.4,347.8,0.022,31.88,64.1,33.71,10.07,84.9,0.648,0,0.118,Healthy
285,30.34,6.39,7.46,3.54,3.91,343.4,0.073,31.79,137.3,24.06,3.41,73.8,0.706,0,0.151,Healthy
286,27.27,6.77,7.34,3.39,4.09,408.7,0.036,36.76,62.8,10.39,4.0,97.9,0.662,0,0.12,Healthy
287,25.08,6.89,7.65,1.45,5.15,427.3,0.031,22.73,78.1,8.57,4.56,115.9,0.773,0,0.087,Healthy
288,30.71,6.36,7.14,3.43,4.73,459.3,0.035,21.38,122.2,17.97,10.16,95.0,0.576,0,0.148,Healthy
289,27.7,8.2,7.75,2.16,3.84,456.9,0.023,27.47,103.9,25.77,4.87,71.8,0.988,0,0.071,Healthy
290,29.58,6.55,7.35,3.87,4.2,537.1,0.037,35.81,101.9,17.82,5.41,75.6,0.796,0,0.11,Healthy
291,28.34,7.21,7.72,1.49,4.73,446.6,0.057,30.84,130.4,31.07,6.4,129.7,0.692,0,0.135,Healthy
292,29.52,6.01,7.92,2.58,4.16,373.6,0.031,33.19,77.5,5.0,5.59,80.6,0.65,0,0.135,Healthy
293,27.15,6.44,7.29,4.0,6.27,398.3,0.062,16.5,89.4,24.52,7.7,105.7,0.627,0,0.166,Healthy
294,29.86,6.94,7.55,2.76,2.95,458.1,0.007,17.87,131.1,9.69,6.12,87.1,0.814,0,0.053,Healthy
295,29.09,6.76,7.47,5.6,4.34,451.1,0.005,28.82,81.7,8.04,8.34,73.6,0.841,0,0.067,Healthy
296,28.66,5.15,7.57,3.56,2.23,363.0,0.043,21.5,122.9,19.82,3.79,43.8,0.876,0,0.1,Healthy
297,31.02,6.92,7.68,3.83,6.42,312.2,0.008,29.78,116.8,37.95,2.35,123.0,0.814,0,0.075,Healthy
298,31.03,7.99,7.37,1.33,3.85,370.1,0.03,19.75,52.8,25.72,3.76,120.8,0.94,0,0.066,Healthy
299,28.42,6.06,7.28,1.96,5.85,478.4,0.047,27.97,118.7,15.38,1.51,114.4,0.641,0,0.132,Healthy
300,30.3,6.28,7.41,4.62,2.51,413.5,0.067,32.79,97.1,30.9,9.4,108.4,0.705,0,0.157,Healthy
301,31.62,6.48,7.21,3.79,5.29,393.1,0.008,15.41,81.6,17.91,5.84,130.8,0.742,0,0.093,Healthy
302,26.88,6.27,7.47,2.03,4.03,417.7,0.038,29.03,126.5,26.15,5.68,132.0,0.507,0,0.115,Healthy
303,28.43,6.57,7.15,2.6,4.42,531.2,0.009,27.01,76.7,28.24,6.82,124.5,0.974,0,0.068,Healthy
304,28.48,6.92,8.11,4.03,4.68,428.5,0.03,29.08,81.2,24.22,6.28,61.7,0.847,0,0.144,Healthy
305,29.57,6.96,7.01,1.89,3.18,496.8,0.063,32.98,64.7,21.33,8.2,104.0,0.951,0,0.147,Healthy
306,29.28,5.09,7.28,3.21,3.98,477.8,0.001,27.2,64.6,22.48,7.62,92.7,0.726,0,0.075,Healthy
307,30.98,7.4,7.75,2.85,5.29,492.9,0.0,37.69,106.3,15.08,5.51,101.5,0.775,0,0.069,Healthy
308,25.6,7.75,7.77,3.94,3.37,546.7,0.043,20.24,111.3,5.0,5.67,73.3,0.731,0,0.138,Healthy
309,27.63,6.23,7.61,3.02,6.05,447.0,0.027,24.83,81.4,17.37,7.8,97.0,0.66,0,0.101,Healthy
310,28.28,6.49,7.25,2.21,4.31,532.7,0.022,24.29,51.4,24.11,7.85,80.0,0.642,0,0.105,Healthy
311,30.57,6.54,8.06,2.81,2.98,460.7,0.03,18.73,103.7,26.02,4.99,134.0,0.929,0,0.122,Healthy
312,30.39,6.47,7.6,0.1,4.5,455.3,0.0,33.2,99.6,17.45,6.26,118.6,0.775,0,0.033,Healthy
313,28.83,5.14,7.82,4.14,3.77,493.1,0.057,24.96,76.8,38.42,5.77,82.4,0.697,0,0.165,Healthy
314,29.61,6.21,7.62,6.03,4.12,310.5,0.047,26.55,49.4,24.82,5.88,92.4,0.721,0,0.144,Healthy
315,29.43,7.4,6.95,2.65,3.45,517.4,0.045,16.14,63.5,10.73,9.26,88.9,0.797,0,0.151,Healthy
316,28.35,8.25,7.19,0.1,4.91,457.2,0.044,27.47,79.3,25.5,4.49,89.1,0.625,0,0.124,Healthy
317,29.54,5.55,7.74,3.56,5.48,475.2,0.037,30.65,103.9,17.57,6.54,77.5,0.658,0,0.131,Healthy
318,28.42,6.77,7.53,2.59,4.58,474.9,0.022,19.93,85.3,22.49,6.01,120.7,0.491,0,0.101,Healthy
319,32.19,5.68,7.19,1.29,3.43,394.0,0.043,38.93,76.7,13.37,4.76,99.4,0.866,0,0.108,Healthy
320,31.11,6.37,7.37,4.16,4.35,528.5,0.016,6.93,115.8,16.92,3.25,123.3,0.726,0,0.092,Healthy
321,28.84,5.7,7.74,1.77,1.87,431.7,0.043,18.93,68.9,7.28,9.6,106.7,0.522,0,0.138,Healthy
322,30.05,5.28,7.3,4.32,5.01,416.8,0.018,30.48,71.9,16.56,5.86,109.6,0.771,0,0.098,Healthy
323,32.14,5.64,7.5,0.34,3.45,442.2,0.073,35.63,73.2,18.25,4.91,90.4,0.583,0,0.136,Healthy
324,28.79,5.62,7.54,0.98,2.61,430.0,0.01,27.47,118.4,6.0,5.69,82.0,0.762,0,0.048,Healthy
325,27.6,6.82,7.96,2.55,3.59,440.4,0.021,29.35,105.4,26.28,8.75,93.3,0.746,0,0.116,Healthy
326,29.49,6.32,7.04,2.08,4.16,540.0,0.037,21.92,76.8,18.73,5.48,88.0,0.733,0,0.135,Healthy
327,30.95,5.35,7.41,4.8,4.56,502.8,0.009,29.24,137.9,33.34,6.46,129.2,0.866,0,0.07,Healthy
328,26.89,5.36,7.94,4.51,6.04,453.7,0.014,34.18,139.7,5.0,8.24,115.5,0.89,0,0.107,Healthy
329,28.78,5.6,7.45,5.02,3.53,425.1,0.0,17.3,117.8,19.75,7.9,77.7,0.709,0,0.072,Healthy
330,27.93,6.67,7.42,3.87,3.96,505.4,0.027,25.79,152.4,15.27,6.95,90.6,0.621,0,0.109,Healthy
331,29.16,6.13,7.59,4.13,5.56,539.2,0.0,25.33,81.2,23.11,7.29,106.1,0.744,0,0.066,Healthy
332,26.76,6.77,7.7,3.71,3.99,466.4,0.048,23.81,130.2,9.88,5.93,69.8,0.93,0,0.114,Healthy
333,27.24,6.3,7.43,3.22,4.27,357.9,0.054,40.98,113.7,12.9,7.29,96.3,0.794,0,0.119,Healthy
334,32.92,6.14,7.37,2.21,4.47,547.7,0.01,32.22,75.0,29.95,6.15,134.8,0.549,0,0.086,Healthy
335,27.97,5.49,7.56,3.46,4.2,473.6,0.037,18.85,116.8,21.06,5.18,40.3,0.856,0,0.093,Healthy
336,27.87,7.43,7.55,2.62,4.39,492.3,0.039,41.26,66.1,16.5,7.99,107.9,0.668,0,0.106,Healthy
337,29.95,6.0,7.22,2.02,3.55,497.3,0.034,23.01,64.8,19.66,9.12,126.3,0.866,0,0.099,Healthy
338,27.26,5.86,7.6,2.28,4.21,445.8,0.02,17.38,89.0,17.96,7.11,67.2,0.712,0,0.08,Healthy
339,29.92,7.12,7.56,4.77,5.15,576.1,0.05,18.58,114.3,32.58,7.4,116.3,0.792,0,0.125,Healthy
340,30.53,6.01,7.16,4.14,2.6,426.5,0.058,14.46,86.3,13.29,5.0,110.9,0.704,0,0.168,Healthy
341,30.0,6.75,7.77,1.88,4.79,397.2,0.011,31.88,106.2,16.03,6.36,103.8,0.589,0,0.097,Healthy
342,27.79,7.17,7.19,5.19,3.26,495.5,0.03,33.8,107.5,15.74,3.69,60.0,0.854,0,0.123,Healthy
343,27.64,5.67,6.77,2.72,4.65,475.6,0.044,33.22,94.6,25.54,1.83,109.3,0.754,0,0.173,Healthy
344,31.27,6.85,7.66,1.99,4.98,545.7,0.058,26.24,93.1,19.57,4.56,121.4,0.731,0,0.131,Healthy
345,29.14,4.73,7.81,1.84,4.58,442.6,0.05,29.89,129.7,22.29,5.96,83.0,0.686,0,0.139,Healthy
346,30.78,7.11,7.6,3.86,5.62,449.9,0.0,27.12,20.4,21.96,2.77,116.9,0.687,0,0.07,Healthy
347,29.96,6.94,7.4,2.07,4.03,472.2,0.041,35.6,126.3,17.5,4.73,130.6,0.711,0,0.106,Healthy
348,28.19,6.77,8.04,3.51,4.26,414.1,0.044,31.1,73.9,35.66,8.44,105.2,0.776,0,0.158,Healthy
349,28.92,5.95,7.01,3.27,4.93,446.3,0.025,25.2,142.0,24.98,5.14,137.8,0.826,0,0.123,Healthy
350,27.3,5.85,7.35,5.53,3.75,418.0,0.064,14.68,82.0,24.32,5.34,82.0,0.633,0,0.173,Healthy
351,28.74,6.23,7.33,3.38,4.21,621.7,0.008,17.55,64.9,23.06,4.6,93.6,0.882,0,0.065,Healthy
352,27.26,8.43,7.45,1.68,3.85,376.4,0.047,7.63,112.7,28.98,6.65,76.0,0.607,0,0.117,Healthy
353,30.66,5.41,7.33,5.31,3.64,438.0,0.014,21.71,55.9,21.8,4.15,66.6,1.0,0,0.074,Healthy
354,29.95,5.96,7.52,4.09,0.5,509.7,0.0,24.5,164.4,23.94,6.93,123.0,0.635,0,0.07,Healthy
355,30.89,7.12,7.28,1.9,5.55,425.1,0.057,15.16,81.7,23.68,4.55,112.2,0.814,0,0.126,Healthy
356,30.45,6.18,7.78,1.91,1.81,422.9,0.024,20.9,55.7,24.04,6.68,53.4,0.729,0,0.1,Healthy
357,28.35,6.36,7.86,2.27,5.28,511.7,0.013,35.13,89.8,11.71,5.88,83.5,0.864,0,0.083,Healthy
358,27.68,7.57,7.48,17.03,2.55,524.7,0.051,24.59,108.9,14.51,7.25,122.2,0.388,0,0.255,Healthy
359,27.96,6.17,7.65,19.06,5.24,525.6,0.02,16.78,64.1,17.56,8.64,102.5,0.465,0,0.236,Healthy
360,30.84,6.76,7.35,38.58,3.48,565.0,0.044,28.36,123.4,18.54,3.72,52.8,0.616,0,0.398,Healthy
361,29.69,5.91,7.91,24.63,4.44,442.7,0.021,17.03,96.3,25.78,8.72,128.7,0.866,0,0.265,Healthy
362,29.17,6.61,7.95,36.55,3.47,388.2,0.072,21.89,98.6,35.11,8.66,104.9,0.446,0,0.465,Healthy
363,30.52,5.92,7.31,38.29,5.1,436.2,0.034,28.02,79.0,8.17,8.85,56.8,0.614,0,0.388,Healthy
364,27.3,8.04,7.36,40.84,2.49,543.6,0.028,26.18,104.7,17.47,5.89,97.9,0.504,0,0.405,Healthy
365,28.6,6.25,7.6,1.83,4.48,514.9,0.009,31.67,79.6,22.06,6.04,54.6,0.684,0,0.067,Healthy
366,30.96,5.0,7.77,2.94,3.43,413.1,0.022,29.33,121.4,26.1,8.59,118.0,0.734,0,0.103,Healthy
367,26.58,6.16,7.74,1.31,4.75,494.4,0.05,14.14,85.8,20.35,7.1,109.2,0.667,0,0.13,Healthy
368,27.46,6.49,7.37,2.44,4.71,460.8,0.007,17.75,115.4,14.18,8.34,129.4,0.709,0,0.069,Healthy
369,30.86,5.12,7.83,1.15,3.94,413.1,0.057,17.48,109.6,14.12,4.85,107.4,0.745,0,0.139,Healthy
370,28.76,6.51,7.54,5.03,3.27,507.1,0.008,44.98,85.8,32.26,7.26,99.8,0.733,0,0.078,Healthy
371,25.33,7.16,6.98,3.19,4.23,402.5,0.019,22.68,119.3,20.41,7.89,95.1,0.778,0,0.121,Healthy
372,27.45,6.11,7.54,3.11,4.57,347.3,0.019,32.36,43.4,16.25,5.76,111.4,0.685,0,0.084,Healthy
373,31.4,7.97,7.53,2.41,3.92,517.0,0.042,44.68,76.3,13.31,4.76,116.6,0.608,0,0.113,Healthy
374,29.71,7.83,7.69,3.55,4.1,476.4,0.006,23.45,114.5,23.96,4.97,89.5,0.689,0,0.085,Healthy
375,29.23,6.86,7.62,2.06,4.29,423.2,0.01,21.38,115.4,14.62,5.24,89.3,0.636,0,0.076,Healthy
376,28.19,6.34,7.09,5.3,3.71,527.1,0.0,15.68,127.1,20.6,5.34,98.7,0.857,0,0.096,Healthy
377,28.29,2.93,8.03,2.16,1.77,535.5,0.047,20.05,70.9,28.97,6.17,68.0,0.336,0,0.195,Healthy
378,29.16,3.09,7.32,1.87,2.58,427.1,0.044,8.48,86.6,18.21,4.07,128.3,0.414,0,0.146,Healthy
379,27.04,3.96,7.76,1.33,6.62,502.5,0.03,27.77,122.0,25.04,8.3,108.3,0.305,0,0.143,Healthy
380,32.26,4.33,7.81,3.84,3.74,492.3,0.01,31.42,125.6,21.14,6.6,86.6,0.442,0,0.128,Healthy
381,29.85,3.84,7.54,2.6,3.34,526.2,0.042,27.02,70.2,30.15,3.01,78.7,0.572,0,0.119,Healthy
382,28.71,4.19,7.36,3.48,5.2,467.6,0.037,19.44,72.2,27.0,5.6,118.4,0.341,0,0.152,Healthy
383,27.62,5.62,7.81,2.33,3.84,348.4,0.069,29.7,83.4,23.79,5.31,113.7,0.783,0,0.156,Healthy
384,27.54,5.99,7.44,4.5,2.65,565.7,0.034,18.12,52.1,5.0,3.74,65.2,0.694,0,0.112,Healthy
385,32.32,7.14,7.78,2.12,3.6,416.5,0.012,24.65,110.3,14.85,3.43,75.7,0.956,0,0.063,Healthy
386,29.11,6.45,7.44,3.12,5.86,449.3,0.037,34.61,115.9,11.29,6.68,103.4,0.625,0,0.112,Healthy
387,31.73,6.38,7.15,2.8,5.04,375.7,0.033,13.76,62.6,11.85,3.29,114.5,0.719,0,0.125,Healthy
388,26.63,7.24,7.5,4.19,3.22,344.8,0.004,12.76,105.8,24.48,4.66,80.1,0.847,0,0.051,Healthy
389,27.84,8.07,7.36,2.97,3.56,313.8,0.049,30.07,114.9,24.35,2.49,122.1,0.674,0,0.131,Healthy
390,29.83,6.8,7.39,4.21,5.25,521.0,0.031,24.7,79.2,11.67,7.32,90.2,1.0,0,0.082,Healthy
391,29.16,6.72,7.01,1.64,4.56,452.6,0.051,23.34,88.1,29.34,5.15,122.0,0.743,0,0.15,Healthy
392,34.89,5.6,7.92,0.61,4.05,459.3,0.024,30.98,91.2,25.72,5.91,98.1,0.458,0,0.131,Healthy
393,28.62,6.92,7.02,3.46,4.63,359.5,0.016,30.82,94.5,28.5,7.47,105.5,0.834,0,0.111,Healthy
394,30.28,6.97,7.53,1.88,3.98,427.4,0.047,15.44,64.2,25.29,7.05,83.0,0.864,0,0.09,Healthy
395,28.45,7.41,7.29,3.34,4.26,395.2,0.029,33.16,121.8,21.09,7.92,100.4,0.901,0,0.092,Healthy
396,29.2,6.54,7.7,2.73,3.48,428.8,0.019,16.97,123.7,19.56,4.17,65.8,0.721,0,0.092,Healthy
397,27.95,6.94,7.6,1.56,3.42,456.3,0.001,27.28,77.1,17.57,4.34,77.0,0.689,0,0.054,Healthy
398,31.0,6.63,7.54,1.77,2.65,470.5,0.036,16.4,95.9,6.89,3.89,127.1,0.9,0,0.072,Healthy
399,28.77,6.63,7.44,1.17,3.77,532.4,0.017,34.61,81.9,23.86,5.24,93.9,0.662,0,0.07,Healthy
400,29.66,5.93,7.16,0.65,3.2,511.8,0.018,27.79,87.8,18.56,4.9,79.2,0.89,0,0.072,Healthy
401,30.41,6.25,7.66,3.36,3.31,530.6,0.046,39.29,70.2,22.93,7.09,129.4,0.719,0,0.128,Healthy
402,29.8,6.75,7.45,3.14,5.39,380.2,0.025,30.51,79.9,31.03,6.49,92.6,1.0,0,0.06,Healthy
403,29.53,8.47,7.75,1.47,4.14,453.3,0.03,33.1,70.6,22.53,1.31,92.7,0.771,0,0.097,Healthy
404,28.98,5.8,7.55,1.74,3.17,407.3,0.012,34.16,134.3,30.31,4.62,114.5,0.838,0,0.05,Healthy
405,31.12,7.18,7.41,2.27,3.1,422.4,0.027,41.04,137.9,14.78,9.9,99.7,0.589,0,0.102,Healthy
406,29.85,6.66,7.71,4.15,4.7,534.0,0.01,31.69,95.4,28.81,3.17,108.8,0.82,0,0.083,Healthy
407,29.68,6.74,7.42,3.76,5.21,418.4,0.069,29.99,148.0,24.51,5.68,152.5,0.667,0,0.156,Healthy
408,29.29,6.32,7.47,3.79,2.76,439.1,0.048,39.22,61.4,21.59,5.07,80.1,0.814,0,0.111,Healthy
409,28.02,8.02,7.68,4.02,2.25,439.3,0.063,28.04,120.9,8.12,7.16,104.8,0.698,0,0.157,Healthy
410,28.15,7.7,7.63,2.84,4.73,450.8,0.034,5.37,64.5,23.15,5.19,106.2,0.682,0,0.108,Healthy
411,33.77,6.61,7.77,2.75,4.29,446.5,0.011,22.79,103.7,22.3,6.8,117.6,0.591,0,0.102,Healthy
412,30.44,6.1,7.46,3.38,2.93,479.4,0.012,29.19,116.1,15.86,6.67,142.2,0.578,0,0.086,Healthy
413,27.54,6.01,7.84,1.79,3.09,533.4,0.033,22.35,137.9,19.62,3.36,92.3,0.67,0,0.122,Healthy
414,27.32,6.54,7.4,1.29,4.29,559.3,0.047,30.31,137.4,5.0,4.94,58.6,0.643,0,0.115,Healthy
415,27.34,7.3,7.47,2.04,3.98,370.7,0.014,8.63,88.3,26.15,6.37,92.4,0.795,0,0.056,Healthy
416,27.65,7.24,7.38,2.62,5.49,456.8,0.032,32.69,34.6,26.43,8.16,89.9,0.648,0,0.106,Healthy
417,26.95,6.36,7.3,3.69,3.9,377.8,0.016,27.8,109.3,15.36,4.01,132.7,0.668,0,0.101,Healthy
418,29.68,6.02,7.5,4.14,5.2,446.9,0.018,18.06,61.9,25.71,4.48,98.4,0.775,0,0.076,Healthy
419,26.62,6.13,7.46,1.31,5.72,434.7,0.0,9.88,83.7,25.14,2.66,134.6,0.718,0,0.042,Healthy
420,27.9,5.5,7.39,4.37,5.9,504.1,0.052,23.21,105.3,9.1,7.61,72.6,0.78,0,0.131,Healthy
421,28.23,5.64,7.16,1.07,3.91,399.0,0.0,26.8,95.8,33.03,5.11,92.8,0.598,0,0.083,Healthy
422,28.08,6.01,7.43,4.16,4.83,465.1,0.05,26.57,83.4,21.62,3.43,66.3,0.832,0,0.118,Healthy
423,28.95,6.59,7.56,2.05,5.29,306.0,0.054,17.81,149.3,14.11,6.35,86.9,0.672,0,0.121,Healthy
424,29.35,6.44,7.9,4.0,4.67,362.6,0.003,11.56,68.7,6.21,5.56,112.2,0.802,0,0.094,Healthy
425,29.41,6.12,7.43,2.0,3.26,538.7,0.044,26.95,88.5,16.99,6.17,104.9,0.769,0,0.101,Healthy
426,30.85,6.71,7.17,4.05,2.51,500.5,0.021,28.8,132.9,27.07,8.31,96.8,0.916,0,0.098,Healthy
427,30.93,5.02,7.59,1.34,3.79,383.2,0.03,22.11,130.3,17.8,5.96,79.7,0.751,0,0.081,Healthy
428,30.28,5.64,8.02,1.38,5.18,516.0,0.027,40.4,78.1,28.06,4.39,101.3,0.805,0,0.116,Healthy
429,26.71,6.5,7.53,3.31,3.05,533.5,0.033,25.42,103.7,23.1,5.08,107.6,0.709,0,0.097,Healthy
430,26.67,6.0,7.43,3.08,4.03,522.5,0.0,32.12,106.7,20.0,8.77,100.2,0.821,0,0.048,Healthy
431,29.45,5.62,7.7,2.9,3.32,522.2,0.047,30.83,76.8,5.0,6.78,112.7,0.81,0,0.119,Healthy
432,29.52,6.96,7.6,3.72,4.19,462.6,0.032,20.24,93.1,15.66,6.9,77.1,0.654,0,0.113,Healthy
433,28.4,6.77,7.47,1.53,4.67,406.2,0.022,27.82,96.4,32.9,11.72,116.9,0.729,0,0.069,Healthy
434,29.64,5.48,7.57,3.02,2.64,572.8,0.022,30.03,100.0,21.35,6.92,75.0,0.666,0,0.091,Healthy
435,28.57,5.96,7.47,2.97,3.46,496.6,0.042,29.86,106.1,27.49,9.07,119.1,0.732,0,0.104,Healthy
436,25.66,6.09,7.39,2.01,3.15,519.7,0.022,26.59,72.9,19.08,9.89,107.5,0.654,0,0.089,Healthy
437,29.1,5.31,7.6,2.6,2.3,537.8,0.002,21.24,103.1,27.0,4.23,102.2,0.892,0,0.043,Healthy
438,29.73,7.03,8.0,1.81,6.04,445.0,0.017,22.15,101.6,23.85,8.78,81.9,0.675,0,0.117,Healthy
439,31.8,5.04,7.32,1.54,3.9,529.8,0.053,21.1,174.0,19.18,2.65,73.0,0.827,0,0.113,Healthy
440,32.11,7.17,7.14,3.26,3.62,440.2,0.031,29.99,114.0,13.84,5.5,122.4,0.788,0,0.12,Healthy
441,28.63,6.82,7.62,3.53,4.64,459.1,0.017,25.34,64.2,28.6,5.67,116.8,0.652,0,0.095,Healthy
442,30.14,5.7,8.02,3.4,3.3,497.1,0.0,25.67,93.3,18.54,7.44,93.4,0.726,0,0.105,Healthy
443,29.19,7.2,7.76,0.72,4.91,419.3,0.053,27.75,90.3,25.97,5.65,115.7,0.872,0,0.11,Healthy
444,29.94,6.05,7.85,0.85,3.57,418.5,0.031,29.66,110.2,31.21,7.11,98.7,0.691,0,0.111,Healthy
445,27.41,6.76,7.18,3.28,2.8,558.1,0.06,16.07,77.3,17.33,5.35,100.2,0.638,0,0.167,Healthy
446,26.75,5.69,7.88,1.92,4.63,437.8,0.034,0.85,108.5,5.0,0.54,121.5,0.634,0,0.132,Healthy
447,29.82,6.23,6.98,1.11,4.21,326.3,0.0,22.61,121.7,18.59,7.87,64.9,0.743,0,0.086,Healthy
448,29.6,6.24,7.59,2.39,2.6,547.7,0.029,28.26,67.8,25.28,7.46,149.7,0.82,0,0.081,Healthy
449,26.08,6.17,7.19,4.09,2.86,400.1,0.001,26.47,155.5,21.61,2.37,89.3,0.861,0,0.077,Healthy
450,29.76,4.55,7.44,4.0,5.39,493.5,0.011,31.01,83.1,23.45,6.12,83.9,0.783,0,0.071,Healthy
451,27.63,6.93,7.81,3.19,4.71,415.7,0.044,13.73,113.8,30.88,7.8,109.9,0.673,0,0.142,Healthy
452,28.67,6.1,7.85,4.63,4.25,350.8,0.007,15.48,157.2,31.21,5.95,76.0,0.873,0,0.09,Healthy
453,29.61,6.13,7.41,3.95,1.32,466.3,0.041,26.92,91.0,17.28,5.7,94.6,0.678,0,0.121,Healthy
454,28.1,5.86,7.61,5.27,5.78,601.4,0.045,19.44,133.5,15.56,7.98,74.6,0.752,0,0.132,Healthy
455,28.46,5.2,7.57,2.4,3.46,400.7,0.027,36.13,99.4,24.13,4.74,137.2,0.771,0,0.081,Healthy
456,29.85,6.42,7.46,5.37,4.4,400.7,0.018,28.58,64.7,24.64,1.07,117.1,0.706,0,0.096,Healthy
457,27.42,6.06,7.32,4.4,3.06,506.8,0.014,30.18,70.0,21.94,8.11,116.4,0.809,0,0.087,Healthy
458,31.09,8.11,7.88,4.67,4.95,497.9,0.035,15.49,121.7,12.7,4.69,104.1,0.744,0,0.142,Healthy
459,26.36,6.07,7.44,3.11,4.37,356.3,0.027,21.99,90.6,5.0,6.84,105.9,0.794,0,0.084,Healthy
460,27.63,5.98,7.73,1.58,4.79,581.6,0.018,21.22,79.2,21.02,5.56,80.4,0.689,0,0.088,Healthy
461,29.99,6.1,7.25,3.5,2.33,543.0,0.045,33.25,114.9,19.4,8.17,52.2,0.725,0,0.135,Healthy
462,26.63,6.44,7.46,5.04,3.96,425.6,0.035,21.42,122.2,12.06,6.58,94.9,0.925,0,0.093,Healthy
463,29.69,7.47,7.72,2.99,3.03,411.3,0.0,20.62,96.1,22.15,7.39,73.2,0.903,0,0.054,Healthy
464,28.73,7.34,7.21,3.58,3.29,485.2,0.053,7.46,87.6,18.06,7.0,120.7,0.668,0,0.156,Healthy
465,27.97,4.84,7.78,4.45,4.23,558.1,0.045,27.11,78.1,22.13,7.68,61.6,0.578,0,0.16,Healthy
466,29.16,6.64,7.67,3.03,2.28,409.8,0.032,13.17,77.4,14.23,2.52,135.5,0.627,0,0.117,Healthy
467,28.52,5.16,7.31,1.19,1.92,512.3,0.002,31.05,134.4,21.24,8.26,129.4,0.738,0,0.056,Healthy
468,29.65,6.9,7.61,3.2,2.6,381.7,0.013,31.47,67.1,27.9,6.66,114.2,0.799,0,0.071,Healthy
469,29.86,5.39,7.18,1.06,4.02,515.6,0.015,25.58,77.2,11.42,7.54,90.9,0.653,0,0.093,Healthy
470,29.85,6.63,7.66,4.28,4.83,452.9,0.024,34.34,130.3,21.35,6.01,88.7,0.622,0,0.116,Healthy
471,29.12,5.49,7.44,3.41,4.95,417.4,0.019,25.83,101.0,33.26,4.61,140.0,0.722,0,0.084,Healthy
472,28.55,6.27,7.58,4.14,3.97,418.1,0.008,27.41,49.8,25.04,7.87,95.1,0.692,0,0.08,Healthy
473,27.91,6.2,7.75,1.99,2.68,520.0,0.034,26.04,128.1,19.29,6.82,118.9,0.787,0,0.104,Healthy
474,29.27,7.5,7.6,1.93,1.57,399.5,0.017,24.87,103.9,28.72,5.83,76.6,0.885,0,0.057,Healthy
475,28.22,4.71,7.31,3.97,5.58,434.5,0.0,13.34,126.5,13.22,4.8,80.1,0.84,0,0.065,Healthy
476,29.6,6.04,7.31,5.04,3.61,605.5,0.017,18.46,107.8,5.0,6.8,74.5,0.76,0,0.102,Healthy
477,27.62,7.6,7.49,4.59,6.37,427.2,0.0,14.66,146.3,20.62,5.25,112.4,0.592,0,0.076,Healthy
478,28.88,7.43,7.54,3.21,5.72,396.9,0.053,26.98,80.5,6.13,10.79,90.4,1.0,0,0.095,Healthy
479,26.09,6.99,7.88,4.26,3.5,321.6,0.017,13.1,86.5,21.88,7.88,136.5,0.701,0,0.12,Healthy
480,31.11,6.71,7.56,4.6,4.79,372.5,0.059,26.59,99.1,10.15,7.5,88.7,0.644,0,0.15,Healthy
481,31.27,6.78,7.47,1.29,4.32,517.4,0.002,26.12,74.2,5.0,3.01,115.1,0.749,0,0.041,Healthy
482,29.79,6.89,7.42,3.85,2.76,428.9,0.033,29.87,124.9,27.45,7.4,111.5,0.789,0,0.099,Healthy
483,28.6,6.43,7.67,1.39,5.54,541.1,0.011,21.01,131.5,26.69,6.95,82.4,0.79,0,0.062,Healthy
484,30.29,6.1,7.43,2.74,4.13,522.5,0.001,18.08,115.4,17.47,3.46,76.5,0.695,0,0.06,Healthy
485,29.13,5.92,7.63,3.84,4.16,483.5,0.056,15.79,115.2,13.86,2.51,83.5,0.676,0,0.145,Healthy
486,26.19,6.37,7.27,2.2,4.41,437.1,0.067,32.64,124.1,19.95,6.86,71.6,0.809,0,0.142,Healthy
487,27.56,6.18,7.55,2.65,5.29,353.8,0.035,48.23,102.3,31.49,6.69,133.2,0.717,0,0.096,Healthy
488,29.12,5.93,7.24,4.07,4.26,472.9,0.037,19.61,91.7,23.7,3.6,108.0,0.759,0,0.126,Healthy
489,29.19,6.6,7.6,1.35,4.01,383.9,0.026,30.55,102.6,24.97,5.88,88.7,0.925,0,0.06,Healthy
490,28.28,6.41,7.7,2.04,2.65,333.1,0.008,26.03,124.9,24.42,6.27,98.8,0.674,0,0.078,Healthy
491,28.04,5.42,7.67,2.65,3.84,472.7,0.037,22.58,92.5,20.89,8.01,135.1,0.807,0,0.102,Healthy
492,30.12,5.84,7.65,5.12,5.03,522.3,0.011,22.71,98.8,11.13,6.47,75.0,0.911,0,0.076,Healthy
493,28.07,6.79,7.6,4.05,3.92,523.8,0.0,19.63,140.8,14.79,6.75,104.4,0.9,0,0.05,Healthy
494,30.4,6.06,7.48,1.37,1.09,360.6,0.027,26.08,94.5,21.08,4.22,102.8,0.637,0,0.083,Healthy
495,30.13,7.28,7.14,4.37,4.73,495.1,0.043,16.26,102.6,13.89,5.58,107.4,0.857,0,0.136,Healthy
496,28.91,6.29,7.6,2.68,3.68,506.5,0.016,20.21,76.1,28.38,6.94,57.8,0.942,0,0.056,Healthy
497,32.45,6.91,7.56,2.78,3.58,414.7,0.045,25.04,132.7,8.07,3.84,79.6,0.717,0,0.111,Healthy
498,29.85,7.08,7.47,4.25,2.88,364.1,0.068,31.52,135.8,22.68,8.41,75.0,0.697,0,0.15,Healthy
499,31.23,6.8,7.6,2.03,4.3,448.3,0.059,15.94,144.2,27.93,4.78,86.1,0.932,0,0.106,Healthy
500,30.9,7.3,7.78,2.98,4.0,383.6,0.048,19.95,126.0,18.43,4.28,125.5,0.757,0,0.134,Healthy
501,27.86,4.65,7.37,2.05,3.57,338.9,0.042,27.74,92.2,13.59,1.01,97.9,0.827,0,0.098,Healthy
502,28.5,6.87,7.39,4.03,5.38,520.2,0.054,26.56,95.2,35.42,5.14,119.5,0.85,0,0.124,Healthy
503,26.37,6.48,7.62,4.9,3.61,319.0,0.011,14.76,121.5,5.0,5.58,106.3,0.749,0,0.088,Healthy
504,29.94,3.78,7.43,3.12,3.2,525.4,0.004,16.82,88.5,23.13,7.38,91.6,0.591,0,0.076,Healthy
505,29.42,5.72,7.42,29.41,2.92,408.8,0.051,19.17,121.5,14.91,7.47,91.0,0.667,0,0.326,Healthy
506,26.99,5.95,7.21,14.32,3.96,426.3,0.011,18.6,59.0,21.34,5.8,127.0,0.572,0,0.192,Healthy
507,28.25,5.98,7.32,14.82,4.0,433.5,0.041,29.04,50.8,24.03,5.16,135.2,0.551,0,0.226,Healthy
508,29.18,6.48,7.33,10.1,5.02,350.1,0.0,29.03,116.2,21.77,6.27,108.4,0.604,0,0.133,Healthy
509,31.56,5.69,7.5,23.78,3.08,345.3,0.028,9.34,105.4,8.23,7.17,113.8,0.514,0,0.261,Healthy
510,27.54,6.4,7.71,13.86,4.77,359.6,0.041,13.11,147.2,33.98,7.03,89.4,0.714,0,0.205,Healthy
511,28.07,6.15,7.68,0.89,4.84,422.4,0.015,24.81,129.4,25.53,4.11,90.1,0.722,0,0.072,Healthy
512,27.91,7.47,7.6,3.17,3.29,383.5,0.033,25.09,127.4,23.24,4.49,98.6,0.793,0,0.096,Healthy
513,30.83,5.99,7.66,0.96,3.01,493.4,0.023,22.85,111.1,23.17,5.31,122.9,0.71,0,0.081,Healthy
514,29.76,6.2,7.22,3.93,4.95,436.1,0.038,34.17,120.1,13.0,3.7,63.5,0.756,0,0.129,Healthy
515,26.92,6.46,7.89,3.68,5.89,343.4,0.046,29.24,154.2,19.18,7.83,101.4,0.747,0,0.15,Healthy
516,29.31,6.42,8.06,4.81,3.71,394.0,0.01,24.32,101.4,31.07,5.66,130.4,0.469,0,0.157,Healthy
517,29.91,6.82,7.24,3.4,3.26,422.0,0.033,23.63,113.7,21.67,4.64,130.0,0.851,0,0.108,Healthy
518,29.82,6.39,7.67,3.77,3.43,376.3,0.034,39.87,121.8,12.54,7.09,103.1,0.572,0,0.131,Healthy
519,29.35,6.08,7.14,1.82,2.88,465.8,0.022,22.73,74.3,16.41,8.53,119.4,0.547,0,0.123,Healthy
520,29.17,6.74,7.75,2.63,4.67,523.8,0.02,23.31,72.0,22.35,6.61,97.0,0.656,0,0.105,Healthy
521,27.12,5.79,7.58,2.39,3.36,465.1,0.036,26.71,135.8,27.86,2.76,59.4,0.642,0,0.107,Healthy
522,24.58,6.36,7.79,3.01,4.88,457.4,0.012,28.1,80.1,35.91,6.41,97.5,0.785,0,0.088,Healthy
523,29.95,7.01,7.5,3.19,4.46,394.4,0.046,21.97,73.0,8.51,5.79,124.5,0.831,0,0.098,Healthy
524,29.19,5.5,7.76,2.03,3.96,472.8,0.01,34.1,132.0,20.81,5.39,110.8,0.81,0,0.073,Healthy
525,30.95,6.59,7.09,4.38,2.33,474.4,0.006,15.28,119.3,26.4,5.72,76.7,0.582,0,0.122,Healthy
526,26.47,7.19,7.61,4.37,4.55,484.4,0.004,12.77,118.2,5.82,3.77,126.7,0.941,0,0.055,Healthy
527,30.63,7.36,7.4,4.0,2.66,447.3,0.04,17.03,99.6,27.58,4.3,100.1,0.894,0,0.101,Healthy
528,32.09,6.18,7.04,2.97,3.17,504.9,0.036,27.81,120.6,15.45,5.09,131.1,0.752,0,0.138,Healthy
529,28.64,7.69,7.67,1.02,5.04,498.4,0.051,26.87,125.9,32.92,5.7,94.5,0.769,0,0.112,Healthy
530,27.58,6.95,7.48,1.06,4.64,462.7,0.047,39.18,103.9,14.06,5.19,126.8,0.749,0,0.095,Healthy
531,30.01,6.99,7.89,4.44,3.97,340.7,0.024,21.56,118.6,23.83,6.61,99.5,0.863,0,0.115,Healthy
532,28.02,6.84,7.74,3.38,4.19,459.5,0.05,23.54,143.5,16.47,6.84,130.2,0.994,0,0.112,Healthy
533,28.02,6.28,7.35,3.31,3.03,473.8,0.051,17.85,44.6,20.69,9.28,129.0,0.93,0,0.11,Healthy
534,29.79,7.09,7.63,4.21,5.27,472.8,0.037,15.22,21.5,40.3,7.24,110.2,0.855,0,0.105,Healthy
535,29.54,6.09,7.01,3.81,3.53,524.8,0.021,43.16,62.3,29.75,3.16,117.1,0.776,0,0.126,Healthy
536,29.28,7.55,7.49,3.11,4.56,632.8,0.021,19.36,90.3,22.25,4.66,115.8,0.817,0,0.069,Healthy
537,30.3,6.86,7.82,3.31,4.63,487.3,0.033,15.74,93.2,20.91,3.69,78.9,0.732,0,0.125,Healthy
538,28.92,6.96,7.5,3.23,3.79,427.9,0.043,8.41,100.8,10.5,2.77,71.6,0.869,0,0.091,Healthy
539,27.93,6.65,7.43,4.37,3.17,375.3,0.006,25.61,129.4,11.96,2.06,111.4,0.674,0,0.08,Healthy
540,28.85,6.85,7.01,2.65,3.25,554.8,0.038,30.84,67.8,25.18,6.35,86.9,0.691,0,0.147,Healthy
541,27.29,7.52,7.05,2.76,3.57,413.1,0.007,30.83,87.7,21.25,6.56,83.6,0.858,0,0.089,Healthy
542,28.25,6.96,7.66,4.22,3.51,366.5,0.025,31.25,142.6,15.11,4.29,137.9,0.721,0,0.107,Healthy
543,28.42,4.23,7.14,8.82,8.18,330.4,0.482,20.56,79.2,31.69,4.63,81.7,0.224,1,0.782,Unhealthy
544,28.29,3.32,7.96,18.15,7.54,495.9,0.26,24.61,88.0,48.57,2.96,84.9,0.472,2,0.559,Unhealthy
545,29.19,3.16,7.58,20.57,7.08,394.5,0.359,0.13,65.0,37.39,6.08,100.9,0.448,4,0.666,Unhealthy
546,29.23,3.84,8.03,15.56,12.12,456.1,0.784,33.94,80.4,33.35,3.87,68.6,0.402,2,1.0,Unhealthy
547,29.67,5.68,7.3,8.55,10.77,442.2,0.381,23.78,104.2,34.84,9.27,96.9,0.389,1,0.622,Unhealthy
548,29.19,3.42,7.74,23.62,13.85,511.0,0.607,22.28,141.2,20.97,7.01,128.6,0.333,1,1.0,Unhealthy
549,29.38,6.41,7.24,2.78,5.52,363.3,0.016,28.25,74.1,20.16,9.19,92.7,0.638,0,0.102,Healthy
550,27.59,6.62,7.88,4.11,5.1,503.9,0.031,24.85,134.7,27.09,4.26,124.9,0.766,0,0.131,Healthy
551,30.5,7.25,7.04,3.7,5.12,346.8,0.07,25.85,138.5,14.35,4.62,110.0,0.804,0,0.181,Healthy
552,28.21,5.62,7.46,3.43,2.41,398.3,0.047,18.74,72.8,37.1,8.1,131.2,0.549,0,0.134,Healthy
553,27.67,6.38,7.47,3.99,5.29,477.0,0.015,29.87,156.1,25.56,6.97,90.7,0.598,0,0.092,Healthy
554,31.75,8.06,7.66,3.01,5.41,275.6,0.043,17.74,88.9,27.8,7.29,106.6,0.701,0,0.122,Healthy
555,27.62,6.27,7.82,3.51,2.96,364.3,0.052,25.84,123.3,20.66,0.52,96.1,0.725,0,0.15,Healthy
556,30.05,6.58,7.16,3.79,4.81,556.6,0.018,31.97,134.2,16.25,4.96,82.9,0.846,0,0.1,Healthy
557,27.66,6.61,7.43,3.59,4.68,431.1,0.0,22.98,103.4,17.72,2.58,95.8,0.904,0,0.044,Healthy
558,32.45,3.44,7.7,28.19,16.87,388.4,0.676,18.16,83.5,33.8,4.57,95.9,0.387,4,1.0,Unhealthy
559,27.77,4.05,7.68,29.68,9.24,494.7,0.737,26.2,125.2,42.71,6.53,75.5,0.338,2,1.0,Unhealthy
560,29.77,6.17,7.44,23.94,10.11,394.4,0.076,32.83,143.7,34.65,9.21,97.2,0.335,0,0.347,Healthy
561,29.94,4.37,7.44,21.7,15.03,408.3,0.311,20.56,104.0,37.17,2.96,84.5,0.298,2,0.628,Unhealthy
562,31.23,4.62,6.93,11.57,8.81,459.8,0.406,17.81,117.7,36.37,4.7,83.9,0.332,1,0.719,Unhealthy
563,31.91,6.5,7.11,3.21,3.4,422.4,0.031,23.91,89.3,18.91,6.77,76.5,0.529,0,0.149,Healthy
564,29.81,6.89,8.32,2.15,2.64,417.1,0.013,27.84,97.5,21.45,3.33,107.9,0.781,0,0.137,Healthy
565,29.76,6.28,7.89,2.89,3.97,493.6,0.035,21.04,70.0,20.22,6.4,49.7,0.551,0,0.148,Healthy
566,31.49,5.93,8.79,5.47,4.92,481.1,0.013,37.74,105.9,20.93,4.68,112.8,0.578,0,0.228,Healthy
567,27.22,6.05,6.93,1.58,3.64,522.6,0.0,15.5,105.3,23.91,2.56,84.6,0.783,0,0.091,Healthy
568,29.14,8.69,7.36,2.3,3.56,393.0,0.01,24.56,98.9,23.06,5.67,109.7,0.814,0,0.062,Healthy
569,28.19,7.24,7.61,4.09,3.09,318.7,0.0,27.43,122.5,16.74,8.44,115.0,0.806,0,0.061,Healthy
570,26.84,7.71,7.81,2.31,2.07,470.2,0.049,25.37,97.2,26.64,3.64,96.9,0.819,0,0.129,Healthy
571,29.28,6.93,7.23,2.54,3.92,441.1,0.022,21.47,66.8,26.16,6.67,51.0,0.588,0,0.114,Healthy
572,28.32,7.52,7.57,1.97,4.26,541.3,0.02,16.88,80.1,19.56,7.18,81.9,0.835,0,0.063,Healthy
573,28.22,7.03,7.92,1.95,4.24,463.9,0.013,36.36,65.8,20.55,6.66,108.4,0.628,0,0.11,Healthy
574,28.86,5.72,7.33,2.91,5.39,413.7,0.027,27.64,82.3,22.82,7.16,82.3,0.784,0,0.094,Healthy
575,29.47,7.84,7.47,3.39,3.77,466.3,0.06,33.78,102.6,16.39,7.17,75.3,0.607,0,0.143,Healthy
576,29.91,5.85,7.02,5.04,4.99,442.9,0.019,17.68,105.9,18.81,5.29,84.4,0.9,0,0.12,Healthy
577,26.76,6.54,7.35,2.97,3.0,444.1,0.051,29.02,123.0,18.85,7.44,85.4,0.781,0,0.123,Healthy
578,28.83,8.06,7.45,3.6,4.93,442.6,0.041,23.65,97.8,22.95,6.91,92.7,0.731,0,0.11,Healthy
579,29.36,9.11,6.98,5.13,3.84,445.9,0.016,20.54,72.3,22.07,6.64,124.9,0.831,0,0.128,Healthy
580,28.13,7.27,7.61,0.5,4.16,547.0,0.01,32.38,91.1,24.68,4.74,110.0,0.813,0,0.046,Healthy
581,28.64,7.46,8.0,2.32,5.55,557.0,0.04,16.36,62.9,41.27,7.57,144.6,0.831,0,0.135,Healthy
582,29.35,5.02,7.85,2.14,3.29,479.5,0.051,24.49,103.2,28.64,5.52,61.4,0.702,0,0.144,Healthy
583,29.19,8.43,7.22,4.69,3.05,444.9,0.071,23.3,123.4,22.47,7.37,101.7,0.828,0,0.169,Healthy
584,30.57,7.17,7.67,4.3,3.16,490.8,0.022,31.43,113.8,7.26,4.22,101.2,0.555,0,0.121,Healthy
585,28.59,5.9,7.64,2.54,2.81,403.9,0.026,29.4,119.3,19.75,8.36,112.1,0.632,0,0.102,Healthy
586,28.2,4.11,7.3,3.21,4.04,435.5,0.044,24.94,115.0,20.31,9.01,87.5,0.753,0,0.124,Healthy
587,28.54,5.46,7.75,3.67,2.19,696.8,0.008,30.43,68.3,8.12,6.38,108.7,0.873,0,0.075,Healthy
588,28.76,5.15,7.59,2.33,3.68,469.8,0.026,20.29,110.7,24.4,5.43,78.6,0.563,0,0.102,Healthy
589,27.38,8.6,7.41,1.65,3.87,488.1,0.043,21.95,95.5,21.35,5.27,45.2,0.745,0,0.1,Healthy
590,30.06,6.16,7.62,2.72,1.79,482.4,0.047,19.4,77.1,16.2,4.71,82.2,0.804,0,0.111,Healthy
591,31.28,5.45,7.28,3.62,4.95,410.2,0.015,39.31,88.6,26.67,9.82,93.2,0.663,0,0.101,Healthy
592,29.44,6.49,7.66,2.51,4.14,380.1,0.006,18.95,100.8,27.31,5.85,90.7,0.618,0,0.081,Healthy
593,27.98,6.1,7.01,2.7,4.17,584.2,0.063,37.51,89.2,23.79,5.8,93.6,0.791,0,0.168,Healthy
594,27.57,7.27,7.47,4.29,4.97,627.0,0.027,18.37,101.5,20.03,7.47,142.9,0.855,0,0.083,Healthy
595,29.6,5.94,7.33,3.16,3.11,488.9,0.035,29.18,106.8,19.91,7.8,86.0,0.889,0,0.095,Healthy
596,28.81,7.85,7.19,5.03,4.24,435.9,0.025,27.85,120.2,44.19,6.99,121.7,0.788,0,0.121,Healthy
597,29.6,5.76,7.46,3.93,3.65,465.7,0.004,25.51,140.8,11.16,8.74,114.2,0.749,0,0.064,Healthy
598,29.21,6.18,7.55,4.67,3.78,420.2,0.028,20.7,116.6,20.84,4.73,111.9,0.686,0,0.107,Healthy
599,28.6,6.39,7.01,3.5,2.59,455.5,0.051,26.18,100.8,27.96,0.9,112.5,0.702,0,0.169,Healthy
600,28.32,6.16,7.17,1.88,4.49,430.8,0.012,31.62,125.4,26.47,7.97,97.3,0.847,0,0.078,Healthy
601,30.14,4.87,7.59,1.37,3.09,431.7,0.019,34.13,97.9,17.55,1.94,87.7,1.0,0,0.043,Healthy
602,28.23,6.25,7.86,2.01,4.3,361.2,0.002,22.2,80.2,7.31,9.23,67.9,0.815,0,0.072,Healthy
603,28.11,6.85,7.35,3.15,3.95,440.6,0.043,37.38,109.3,13.3,5.88,81.0,0.879,0,0.104,Healthy
604,30.35,5.68,7.42,1.51,2.69,413.8,0.026,27.7,68.6,20.16,7.75,91.3,0.705,0,0.082,Healthy
605,27.54,6.95,7.51,3.42,4.55,426.2,0.01,16.67,116.7,37.11,7.37,83.3,0.702,0,0.069,Healthy
606,31.76,6.45,7.53,3.37,4.7,526.2,0.025,26.59,133.9,33.98,7.34,102.7,0.773,0,0.082,Healthy
607,29.23,7.65,7.39,5.71,5.53,459.1,0.052,28.79,139.3,18.29,6.97,127.7,0.863,0,0.132,Healthy
608,28.59,7.19,7.46,1.23,3.92,521.6,0.044,24.83,74.0,21.3,6.25,130.2,0.9,0,0.079,Healthy
609,26.32,6.15,7.6,2.08,4.07,418.9,0.056,23.48,85.5,5.0,6.6,103.5,0.604,0,0.136,Healthy
610,30.47,6.91,6.94,1.91,4.7,404.2,0.0,28.8,66.6,5.26,7.97,88.2,0.644,0,0.106,Healthy
611,27.69,5.6,7.36,3.23,3.54,474.3,0.035,42.09,110.6,18.8,2.8,93.5,0.837,0,0.098,Healthy
612,27.48,6.09,7.7,2.59,2.89,370.6,0.012,15.48,99.8,30.0,6.57,101.7,0.855,0,0.069,Healthy
613,28.38,7.07,7.15,4.91,4.83,466.6,0.003,27.07,80.3,13.19,5.6,100.6,0.752,0,0.1,Healthy
614,31.2,4.96,7.59,2.47,5.87,403.2,0.026,22.98,100.2,16.04,6.47,93.1,0.669,0,0.093,Healthy
615,27.49,8.52,7.79,2.13,4.89,636.8,0.031,21.02,88.0,13.36,8.63,116.1,0.758,0,0.108,Healthy
616,27.65,7.09,7.67,4.0,4.29,501.6,0.01,23.64,65.7,17.87,7.3,101.4,0.931,0,0.066,Healthy
617,30.13,7.1,7.47,3.87,3.6,263.4,0.033,27.2,94.8,23.64,7.2,73.1,0.849,0,0.088,Healthy
618,28.26,5.06,7.54,2.05,3.72,443.1,0.061,23.5,111.1,30.07,2.72,111.3,0.792,0,0.116,Healthy
619,28.21,6.82,7.28,5.05,4.25,533.8,0.041,30.21,95.2,18.97,4.14,94.2,0.844,0,0.127,Healthy
620,27.95,6.2,7.34,3.66,3.12,441.5,0.024,30.51,128.8,8.17,6.13,122.4,0.598,0,0.114,Healthy
621,29.53,5.08,7.56,3.85,3.12,476.6,0.071,19.62,65.3,16.72,5.59,66.3,0.781,0,0.145,Healthy
622,29.1,6.28,7.73,1.68,3.95,542.3,0.055,28.55,99.9,30.34,4.75,100.5,0.712,0,0.133,Healthy
623,27.6,5.68,6.96,2.92,2.7,558.8,0.027,32.06,69.2,28.81,6.29,109.1,0.846,0,0.124,Healthy
624,30.27,6.82,7.41,2.05,2.76,516.4,0.043,24.17,121.0,16.42,5.33,74.0,0.84,0,0.095,Healthy
625,29.02,7.74,7.41,4.6,3.25,509.4,0.0,24.01,103.1,23.65,6.43,129.1,0.697,0,0.074,Healthy
626,30.27,7.1,7.58,2.02,4.09,495.0,0.021,28.38,131.9,14.24,7.27,118.2,0.675,0,0.082,Healthy
627,31.78,7.59,7.75,2.91,3.79,380.2,0.037,29.76,98.3,14.4,6.46,125.4,0.805,0,0.112,Healthy
628,29.03,5.57,7.78,3.69,5.93,480.0,0.028,24.1,69.1,28.43,4.92,99.4,0.69,0,0.121,Healthy
629,26.95,5.59,7.1,4.43,3.7,493.6,0.025,18.94,80.9,14.44,9.09,120.5,0.618,0,0.143,Healthy
630,30.33,5.32,7.89,5.16,5.66,316.7,0.0,33.47,91.9,24.34,7.24,76.6,0.797,0,0.098,Healthy
631,29.02,6.99,7.6,0.35,4.08,508.6,0.028,22.04,97.2,5.0,7.72,91.9,0.794,0,0.069,Healthy
632,28.89,6.85,7.59,0.1,3.52,514.2,0.004,29.13,109.5,24.62,4.41,84.6,0.663,0,0.048,Healthy
633,28.93,5.44,7.35,2.68,3.57,416.7,0.0,35.78,135.8,18.94,4.54,117.4,0.761,0,0.059,Healthy
634,30.85,7.24,7.08,1.51,4.43,485.2,0.027,21.13,88.7,25.1,6.43,85.9,0.75,0,0.112,Healthy
635,28.35,6.41,7.69,2.28,4.2,484.2,0.031,16.37,91.5,19.02,6.41,95.7,0.534,0,0.122,Healthy
636,31.09,7.25,7.33,2.37,3.64,463.7,0.047,15.19,149.5,15.59,3.57,120.2,0.748,0,0.119,Healthy
637,30.23,6.22,7.24,2.59,3.65,480.8,0.052,13.47,88.1,17.45,7.0,78.8,0.73,0,0.138,Healthy
638,28.63,6.92,7.66,3.26,4.19,397.5,0.024,31.4,134.9,35.21,6.93,95.3,0.667,0,0.104,Healthy
639,29.45,6.09,7.35,3.05,5.29,466.6,0.052,20.28,52.9,12.63,5.14,111.9,0.754,0,0.128,Healthy
640,29.82,6.68,7.46,2.92,6.28,515.8,0.035,24.03,102.0,23.62,4.41,62.3,0.693,0,0.1,Healthy
641,27.59,6.45,7.4,2.79,5.15,348.4,0.039,24.02,99.0,24.62,7.57,65.0,0.806,0,0.099,Healthy
642,27.1,6.3,7.79,0.9,4.16,500.5,0.021,16.81,86.7,14.42,7.16,119.0,0.893,0,0.072,Healthy
643,30.41,6.03,6.99,3.61,4.46,329.5,0.027,26.29,108.8,32.19,5.12,84.9,0.78,0,0.134,Healthy
644,27.92,5.68,7.53,1.9,3.41,542.5,0.037,18.93,117.9,18.56,4.47,97.9,0.844,0,0.08,Healthy
645,26.61,7.35,7.55,2.38,5.03,510.2,0.025,25.72,80.8,18.01,5.56,124.4,0.705,0,0.084,Healthy
646,28.44,7.26,7.28,2.92,3.5,426.1,0.005,26.56,83.4,23.29,3.76,97.4,0.845,0,0.065,Healthy
647,27.56,6.09,7.49,4.52,5.16,477.1,0.044,25.34,98.7,34.93,5.01,123.0,0.867,0,0.103,Healthy
648,30.19,5.39,7.61,2.27,4.63,425.5,0.025,29.16,127.6,24.78,3.23,114.5,0.744,0,0.085,Healthy
649,26.59,7.11,7.75,1.9,3.06,397.4,0.043,24.64,106.7,25.07,7.19,80.7,0.751,0,0.118,Healthy
650,29.82,5.57,7.67,3.18,3.68,429.0,0.022,20.52,121.6,20.54,3.55,135.2,0.759,0,0.092,Healthy
651,30.39,7.72,7.58,4.51,2.63,466.5,0.015,25.03,121.4,23.68,9.03,105.2,0.747,0,0.086,Healthy
652,26.8,6.73,7.61,3.39,3.4,398.8,0.057,29.02,61.5,27.11,9.68,83.9,0.577,0,0.15,Healthy
653,28.4,7.07,6.64,3.81,3.74,422.5,0.047,29.81,158.7,22.22,2.99,93.2,0.794,0,0.194,Healthy
654,31.13,6.22,7.43,1.62,4.39,403.0,0.027,23.94,79.3,25.91,7.35,95.2,0.819,0,0.072,Healthy
655,27.65,6.88,7.39,1.88,2.02,420.3,0.0,25.21,105.7,13.17,7.3,116.9,0.813,0,0.044,Healthy
656,31.77,5.6,7.28,2.19,3.65,370.9,0.016,23.26,128.5,27.54,2.28,77.2,0.809,0,0.077,Healthy
657,30.88,5.26,7.47,4.46,3.08,382.4,0.026,29.12,88.0,29.87,7.78,75.7,0.797,0,0.089,Healthy
658,26.76,7.88,7.75,2.69,2.22,512.6,0.053,22.38,90.7,22.87,3.81,109.5,0.695,0,0.142,Healthy
659,28.96,6.36,7.18,4.59,5.31,547.1,0.041,29.56,91.9,22.14,7.16,98.1,0.93,0,0.125,Healthy
660,31.06,5.84,7.54,3.25,3.84,400.9,0.049,23.63,117.0,16.39,2.3,67.3,0.711,0,0.118,Healthy
661,28.96,6.8,7.53,2.92,5.14,441.3,0.012,23.2,131.6,16.16,4.16,78.4,0.778,0,0.062,Healthy
662,28.0,5.96,7.67,2.38,2.78,435.6,0.061,23.97,92.3,22.39,4.76,121.2,0.929,0,0.118,Healthy
663,24.7,5.13,7.64,3.5,3.67,381.5,0.018,33.32,99.4,37.97,5.07,82.3,0.734,0,0.09,Healthy
664,29.32,5.91,7.69,1.31,4.51,425.8,0.027,32.69,124.6,22.37,5.86,69.8,0.91,0,0.072,Healthy
665,30.93,6.81,7.3,4.73,3.42,316.7,0.039,38.71,93.4,24.81,6.33,101.4,0.676,0,0.137,Healthy
666,28.14,7.91,7.17,3.43,4.72,500.7,0.044,18.42,106.2,23.92,12.16,110.2,0.781,0,0.136,Healthy
667,29.74,6.46,7.89,3.15,3.79,418.4,0.016,13.71,104.6,19.63,4.97,121.5,0.836,0,0.099,Healthy
668,29.59,5.97,7.1,0.52,5.67,444.4,0.02,39.12,152.0,18.44,6.5,101.9,0.575,0,0.112,Healthy
669,29.88,5.26,7.18,5.36,3.56,492.0,0.003,28.46,110.1,16.4,5.94,74.9,0.746,0,0.1,Healthy
670,27.08,6.46,7.13,3.96,6.4,194.8,0.015,16.13,87.3,17.82,4.61,99.9,0.777,0,0.107,Healthy
671,32.04,7.05,7.65,3.88,5.58,467.9,0.03,19.18,102.9,20.21,3.77,147.6,0.665,0,0.115,Healthy
672,28.25,5.74,7.68,2.37,4.67,411.5,0.036,23.9,75.6,10.65,6.73,90.5,0.771,0,0.104,Healthy
673,28.76,5.01,7.52,3.61,5.63,316.5,0.02,27.59,63.0,12.4,7.78,110.1,0.711,0,0.083,Healthy
674,26.76,6.86,7.49,1.22,3.47,480.5,0.034,25.64,70.0,5.0,8.72,87.8,0.699,0,0.083,Healthy
675,29.02,6.45,7.08,3.44,5.69,497.5,0.009,29.03,99.8,25.8,7.0,105.4,0.649,0,0.115,Healthy
676,29.63,7.49,7.58,2.64,3.38,380.9,0.075,34.74,123.7,26.55,9.1,121.4,0.765,0,0.145,Healthy
677,32.08,7.06,7.06,4.12,4.6,524.7,0.011,19.65,86.7,16.3,4.02,95.7,0.879,0,0.101,Healthy
678,28.45,5.45,7.83,3.78,4.02,329.4,0.018,29.2,152.1,18.07,4.93,91.6,0.737,0,0.11,Healthy
679,26.47,5.27,7.41,2.08,3.0,492.9,0.059,22.35,94.1,22.4,8.05,130.4,0.672,0,0.131,Healthy
680,29.22,6.93,7.7,2.91,4.35,327.8,0.0,23.31,119.3,20.5,6.58,78.6,0.567,0,0.085,Healthy
681,28.73,8.14,7.53,4.61,4.61,409.1,0.037,27.38,113.8,24.17,6.04,94.1,0.616,0,0.122,Healthy
682,29.24,6.86,7.63,4.35,2.66,379.8,0.047,6.99,107.0,11.69,8.25,80.8,0.545,0,0.15,Healthy
683,28.41,6.32,7.2,4.44,3.8,482.5,0.04,17.36,102.7,22.44,5.98,129.2,0.734,0,0.14,Healthy
684,28.4,6.57,7.51,3.64,2.85,450.9,0.065,31.79,110.4,24.9,5.81,106.6,0.675,0,0.143,Healthy
685,27.76,7.07,7.58,2.44,3.65,565.3,0.016,32.81,102.4,13.92,7.58,72.8,0.826,0,0.064,Healthy
686,28.63,7.03,7.06,3.4,4.57,444.5,0.042,25.13,70.2,26.2,8.28,150.5,0.838,0,0.138,Healthy
687,30.83,6.45,7.87,3.16,4.68,550.9,0.04,11.81,98.6,29.62,7.28,94.7,0.626,0,0.147,Healthy
688,28.35,7.17,7.52,4.68,2.07,532.0,0.016,27.96,143.1,42.98,6.25,102.7,0.444,0,0.113,Healthy
689,30.29,6.41,7.45,1.97,4.49,490.4,0.018,16.83,74.5,12.92,6.38,66.5,0.807,0,0.062,Healthy
690,28.5,6.09,7.56,4.42,3.57,465.0,0.06,31.8,134.3,20.75,7.39,95.2,0.819,0,0.131,Healthy
691,29.24,6.41,7.51,2.31,3.63,320.9,0.027,23.07,64.5,18.35,5.0,84.9,0.674,0,0.085,Healthy
692,27.52,8.41,7.2,4.55,2.86,462.1,0.009,22.18,137.9,13.41,5.35,77.8,0.712,0,0.105,Healthy
693,30.13,5.75,7.63,0.73,2.49,544.4,0.079,21.71,129.8,17.36,5.55,103.1,0.615,0,0.155,Healthy
694,28.57,6.32,7.48,5.9,3.61,355.9,0.03,15.48,89.5,5.0,7.2,103.4,0.731,0,0.11,Healthy
695,29.49,5.59,7.46,3.24,3.2,387.9,0.019,30.46,111.3,13.83,6.99,79.8,0.851,0,0.067,Healthy
696,27.67,6.85,7.4,1.62,5.26,353.7,0.068,15.71,73.5,31.58,5.8,86.1,0.764,0,0.13,Healthy
697,27.08,5.84,7.65,1.65,5.4,450.4,0.0,43.08,69.0,14.2,2.64,76.0,0.798,0,0.047,Healthy
698,29.29,6.08,8.16,3.63,3.27,614.9,0.015,29.81,109.6,25.83,5.14,68.0,0.679,0,0.144,Healthy
699,30.43,6.78,7.22,2.31,3.3,603.9,0.053,17.07,98.2,5.13,4.9,101.2,0.906,0,0.121,Healthy
700,27.8,6.66,7.35,2.22,3.99,399.6,0.029,20.22,88.6,21.28,3.76,129.3,0.756,0,0.092,Healthy
701,29.02,6.61,7.41,5.59,3.29,374.3,0.08,17.94,92.9,14.25,3.92,133.5,0.82,0,0.168,Healthy
702,30.63,6.76,7.55,2.51,3.15,317.4,0.061,30.71,79.2,14.45,7.73,113.2,0.783,0,0.122,Healthy
703,28.05,6.56,7.78,2.74,3.78,438.5,0.024,27.93,61.7,31.19,4.08,95.4,0.808,0,0.099,Healthy
704,28.97,6.61,7.23,2.81,3.66,441.2,0.04,37.09,156.3,28.7,3.91,100.0,0.868,0,0.111,Healthy
705,30.03,5.46,7.57,1.53,2.69,453.1,0.024,22.21,71.9,30.47,9.86,62.4,0.591,0,0.09,Healthy
706,29.78,7.3,7.62,4.34,4.09,514.3,0.047,28.23,122.7,9.08,4.79,93.9,0.772,0,0.125,Healthy
707,29.27,7.2,7.27,3.38,3.39,560.5,0.055,25.64,59.3,28.79,4.93,76.2,0.982,0,0.12,Healthy
708,29.31,5.71,7.81,2.77,4.03,438.8,0.022,16.4,87.2,20.5,5.23,131.6,0.802,0,0.099,Healthy
709,28.6,6.62,7.29,5.45,5.3,470.1,0.027,32.92,108.6,38.94,6.64,108.9,0.827,0,0.113,Healthy
710,29.0,7.51,7.68,2.12,3.03,382.7,0.07,15.11,158.6,23.62,6.31,96.3,0.705,0,0.152,Healthy
711,30.86,6.34,7.59,4.65,4.34,458.8,0.039,27.46,73.6,5.0,7.63,92.1,0.662,0,0.126,Healthy
712,27.77,6.54,7.28,3.69,3.26,477.3,0.059,26.58,101.7,26.32,4.35,120.6,0.612,0,0.162,Healthy
713,28.61,7.01,7.51,1.96,3.07,523.6,0.029,25.9,82.6,33.9,8.04,112.5,0.835,0,0.068,Healthy
714,29.78,6.98,7.1,4.38,3.1,557.6,0.023,22.88,63.0,13.0,8.65,91.3,0.742,0,0.127,Healthy
715,29.21,5.86,7.8,1.79,5.95,448.3,0.035,14.74,130.0,25.92,6.86,118.0,0.837,0,0.104,Healthy
716,28.82,6.88,7.38,1.94,2.95,538.6,0.035,13.33,131.8,14.86,8.55,39.1,0.789,0,0.091,Healthy
717,31.25,6.92,7.58,3.68,4.02,466.1,0.037,21.9,87.5,5.0,6.36,76.1,0.722,0,0.11,Healthy
718,26.77,6.06,7.49,2.72,3.42,450.6,0.013,12.6,115.5,25.57,8.3,117.2,0.637,0,0.074,Healthy
719,26.49,5.91,7.39,2.11,4.19,420.8,0.021,36.87,78.4,5.0,7.22,120.3,0.744,0,0.079,Healthy
720,30.38,7.54,7.36,2.5,5.4,593.1,0.055,29.06,87.7,17.18,5.53,144.0,0.767,0,0.124,Healthy
